formula,heusler type,num_electron,struct type,latt const,tetragonality,e_form,pol fermi,gap width,stability,mu_b,mu_b saturation
V2ScAl,Full Heusler,16,D022,5.49,1.561,0.046,0.1,No gap,FALSE,0.0002,0.03
V2ScGa,Full Heusler,16,D022,5.43,1.5893,-0.014,36.93,No gap,TRUE,0.1775,25.88
V2ScIn,Full Heusler,16,D022,5.66,1.5583,0.191,34.28,No gap,FALSE,0.1624,21.32
V2ScSi,Full Heusler,17,D022,5.34,1.5993,-0.122,19.59,No gap,TRUE,0.6638,101.12
V2ScGe,Full Heusler,17,D022,5.39,1.6104,-0.087,10.09,No gap,TRUE,0.7492,110.21
V2ScSn,Full Heusler,17,D022,5.66,1.5565,0.032,45.39,No gap,FALSE,1.0025,131.77
V2ScP,Full Heusler,18,D022,5.18,1.6911,-0.322,0,No gap,TRUE,0.0001,0.02
V2ScAs,Full Heusler,18,D022,5.31,1.6742,-0.162,0,No gap,TRUE,0.0002,0.03
V2ScSb,Full Heusler,18,L21,6.5342,0.9988,0.042,5.26,0.156,FALSE,4.1965,558.68
V2TiAl,Full Heusler,17,L21,6.16,1,-0.024,8.6,No gap,TRUE,0.7065,112.12
V2TiGa,Full Heusler,17,L21,6.1358,0.9952,-0.039,4.9,No gap,TRUE,0.6168,99.53
V2TiIn,Full Heusler,17,L21,6.3622,0.9998,0.205,18.85,No gap,FALSE,0.6805,98.04
V2TiSi,Full Heusler,18,D022,5.8997,1.059,-0.253,0.03,No gap,TRUE,0.0001,0.02
V2TiGe,Full Heusler,18,D022,5.18,1.6564,-0.219,0.02,No gap,TRUE,0.0002,0.03
V2TiSn,Full Heusler,18,D022,5.8782,1.2673,-0.014,0.02,No gap,TRUE,0.0002,0.03
V2TiP,Full Heusler,19,D022,5.04,1.6766,-0.492,0,No gap,TRUE,0,0
V2TiAs,Full Heusler,19,D022,5.177,1.6492,-0.281,0,No gap,TRUE,0,0
V2TiSb,Full Heusler,19,L21,6.32,1,-0.05,13.05,0.005,TRUE,1.7344,254.87
V2VAl,Full Heusler,18,L21,6.03,1,-0.087,0,No gap,TRUE,0,0
V2VGa,Full Heusler,18,L21,6.03,1,-0.097,0,No gap,TRUE,0,0
V2VIn,Full Heusler,18,L21,6.25,1,0.218,0.01,No gap,FALSE,0,0
V2VSi,Full Heusler,19,D022,5.72,1.1031,-0.307,0,No gap,TRUE,0,0
V2VGe,Full Heusler,19,D022,5.68,1.1761,-0.177,0,No gap,TRUE,0.0001,0.02
V2VSn,Full Heusler,19,D022,5.94,1.1599,0.032,0.02,No gap,FALSE,0.0002,0.03
V2VP,Full Heusler,20,D022,5.41,1.2662,-0.421,0,No gap,TRUE,0,0
V2VAs,Full Heusler,20,D022,5.16,1.5659,-0.222,0,No gap,TRUE,0,0
V2VSb,Full Heusler,20,L21,6.24,1,0.002,81.02,No gap,FALSE,2.013,307.34
V2CrAl,Full Heusler,19,L21,5.96,1,-0.052,91.93,No gap,TRUE,0.9835,172.33
V2CrGa,Full Heusler,19,D022,5.6588,1.1587,-0.051,0,No gap,TRUE,0,0
V2CrIn,Full Heusler,19,L21,6.21,1,0.306,38.99,No gap,FALSE,1.4251,220.75
V2CrSi,Full Heusler,20,D022,5.568,1.1595,-0.248,0,No gap,TRUE,0.0001,0.02
V2CrGe,Full Heusler,20,D022,5.5191,1.2431,-0.103,0,No gap,TRUE,0,0
V2CrSn,Full Heusler,20,L21,6.24,1,0.132,71.38,No gap,FALSE,1.865,284.74
V2CrP,Full Heusler,21,D022,5.0183,1.5324,-0.378,10.54,No gap,TRUE,0.7036,134.78
V2CrAs,Full Heusler,21,D022,5.1692,1.503,-0.127,2.95,No gap,TRUE,0.6871,122.78
V2CrSb,Full Heusler,21,D022,5.4071,1.4828,0.101,42.04,No gap,FALSE,0.8851,140.07
V2MnAl,Full Heusler,20,L21,5.96,1,-0.075,27.41,No gap,TRUE,1.466,256.88
V2MnGa,Full Heusler,20,D022,5.2009,1.4615,-0.078,22.35,No gap,TRUE,0.6602,119.12
V2MnIn,Full Heusler,20,L21,6.31,1,0.244,34.48,No gap,FALSE,1.7014,251.21
V2MnSi,Full Heusler,21,D022,4.9331,1.652,-0.318,13.4,No gap,TRUE,1.6566,309.86
V2MnGe,Full Heusler,21,D022,5.3965,1.3275,-0.157,20.92,No gap,TRUE,1.1573,205.77
V2MnSn,Full Heusler,21,L21,6.32,1,0.071,48.97,0.19,FALSE,1.492,219.25
V2MnP,Full Heusler,22,D022,4.9367,1.5977,-0.47,42.86,No gap,TRUE,1.815,350.26
V2MnAs,Full Heusler,22,D022,5.0731,1.5509,-0.221,40.59,No gap,TRUE,1.93,353.58
V2MnSb,Full Heusler,22,L21,6.28,1,0.041,44.8,0.014,FALSE,0.9135,136.82
V2FeAl,Full Heusler,21,D022,4.9285,1.6927,-0.147,12.82,No gap,TRUE,1.5127,276.92
V2FeGa,Full Heusler,21,D022,5.0109,1.6379,-0.129,28.24,No gap,TRUE,1.6169,291.04
V2FeIn,Full Heusler,21,L21,6.21,1,0.288,41.86,0.005,FALSE,0.9985,154.67
V2FeSi,Full Heusler,22,L21,5.86,1,-0.255,18.92,0.009,TRUE,1.2041,221.97
V2FeGe,Full Heusler,22,L21,5.96,1,-0.128,27.75,0.023,TRUE,0.8354,146.38
V2FeSn,Full Heusler,22,D022,5.2012,1.6185,0.014,31.81,No gap,FALSE,2.016,328.39
V2FeP,Full Heusler,23,D022,4.9363,1.5625,-0.494,44.8,No gap,TRUE,1.4605,288.27
V2FeAs,Full Heusler,23,D022,4.9572,1.6374,-0.235,25.94,No gap,TRUE,1.3832,257.25
V2FeSb,Full Heusler,23,D022,5.1592,1.6446,-0.027,22.82,No gap,TRUE,1.4375,236.11
V2CoAl,Full Heusler,22,D022,4.8925,1.7232,-0.221,0.14,No gap,TRUE,0.0019,0.35
V2CoGa,Full Heusler,22,D022,4.9264,1.6825,-0.184,0,No gap,TRUE,0.0042,0.77
V2CoIn,Full Heusler,22,L21,6.2,1,0.313,63.65,No gap,FALSE,3.7179,578.69
V2CoSi,Full Heusler,23,D022,4.8494,1.6761,-0.42,0,No gap,TRUE,0,0
V2CoGe,Full Heusler,23,D022,4.9455,1.6546,-0.264,0.29,No gap,TRUE,0.0707,13.1
V2CoSn,Full Heusler,23,D022,5.137,1.674,-0.05,3.77,No gap,TRUE,0.0912,14.91
V2CoP,Full Heusler,24,D022,4.8591,1.6121,-0.553,0.02,No gap,TRUE,0.0001,0.02
V2CoAs,Full Heusler,24,D022,4.9811,1.6124,-0.303,0.05,No gap,TRUE,0.0007,0.13
V2CoSb,Full Heusler,24,D022,5.1663,1.6342,-0.109,0.02,No gap,TRUE,0.0001,0.02
V2NiAl,Full Heusler,23,D022,4.9115,1.7241,-0.291,0,No gap,TRUE,0,0
V2NiGa,Full Heusler,23,D022,4.952,1.6784,-0.25,0,No gap,TRUE,0,0
V2NiIn,Full Heusler,23,D022,5.1417,1.6933,0.052,0,No gap,FALSE,0,0
V2NiSi,Full Heusler,24,D022,4.9295,1.6188,-0.461,0,No gap,TRUE,0,0
V2NiGe,Full Heusler,24,D022,5.0215,1.6023,-0.323,0,No gap,TRUE,0,0
V2NiSn,Full Heusler,24,D022,5.1991,1.6346,-0.139,0,No gap,TRUE,0,0
V2NiP,Full Heusler,25,D022,4.9483,1.5557,-0.556,0,No gap,TRUE,0,0
V2NiAs,Full Heusler,25,D022,5.0667,1.557,-0.335,0.01,No gap,TRUE,0,0
V2NiSb,Full Heusler,25,D022,5.239,1.5891,-0.167,0,No gap,TRUE,0,0
Cr2ScAl,Full Heusler,18,L21,6.3429,1.0001,0.119,93.06,No gap,FALSE,5.9142,859.64
Cr2ScGa,Full Heusler,18,L21,6.31,1,0.138,88.23,No gap,FALSE,5.8512,863.94
Cr2ScIn,Full Heusler,18,L21,6.56,1,0.265,92.46,No gap,FALSE,5.9213,778.1
Cr2ScSi,Full Heusler,19,L21,6.1227,1.0004,-0.035,78.57,0.328,TRUE,4.937,797.6
Cr2ScGe,Full Heusler,19,L21,6.21,1,0.049,78.76,0.086,FALSE,4.9294,763.57
Cr2ScSn,Full Heusler,19,L21,6.47,1,0.081,87.85,No gap,FALSE,4.9609,679.48
Cr2ScP,Full Heusler,20,L21,5.9823,1.0004,-0.088,95.99,0.214,TRUE,3.9738,688.25
Cr2ScAs,Full Heusler,20,L21,6.1469,0.9949,0.066,96.85,No gap,FALSE,3.9852,639.75
Cr2ScSb,Full Heusler,20,L21,6.3895,0.9995,0.083,98.13,0.19,FALSE,3.997,568.67
Cr2TiAl,Full Heusler,19,L21,6.096,1.0002,-0.008,28.16,0.332,TRUE,4.4399,726.9
Cr2TiGa,Full Heusler,19,L21,6.0763,1.0004,0.016,39.51,0.019,FALSE,4.3226,714.45
Cr2TiIn,Full Heusler,19,L21,6.35,1,0.241,68.08,No gap,FALSE,4.733,685.71
Cr2TiSi,Full Heusler,20,L21,5.91,1,-0.252,15.92,0.542,TRUE,3.0466,547.49
Cr2TiGe,Full Heusler,20,L21,6,1,-0.114,18.73,0.271,TRUE,3.318,569.84
Cr2TiSn,Full Heusler,20,L21,6.2865,0.9988,0.016,81.83,0.052,FALSE,3.8602,577.05
Cr2TiP,Full Heusler,21,L21,5.7976,1.0001,-0.362,5.2,0.584,TRUE,2.5318,481.92
Cr2TiAs,Full Heusler,21,L21,5.9565,1.0017,-0.136,65.11,No gap,TRUE,2.9461,516.24
Cr2TiSb,Full Heusler,21,L21,6.2179,0.999,-0.033,86.72,0.413,TRUE,2.9913,462.02
Cr2VAl,Full Heusler,20,L21,5.93,1,-0.055,31.65,0.319,TRUE,2.6887,478.31
Cr2VGa,Full Heusler,20,L21,5.93,1,-0.02,6.48,0.109,TRUE,2.8109,500.04
Cr2VIn,Full Heusler,20,L21,6.25,1,0.272,46.41,No gap,FALSE,3.7257,566.1
Cr2VSi,Full Heusler,21,L21,5.81,1.0005,-0.288,53.98,0.114,TRUE,2.8966,547.62
Cr2VGe,Full Heusler,21,L21,5.9082,1,-0.115,83.36,0.209,TRUE,2.9515,530.88
Cr2VSn,Full Heusler,21,L21,6.18,1,0.078,64.35,0.166,FALSE,2.9765,467.81
Cr2VP,Full Heusler,22,L21,5.66,1,-0.364,13.01,No gap,TRUE,0.3656,74.8
Cr2VAs,Full Heusler,22,L21,5.84,1,-0.071,23.18,No gap,TRUE,1.7736,330.33
Cr2VSb,Full Heusler,22,L21,6.11,1,0.103,93.35,0.19,FALSE,1.9941,324.3
Cr2CrAl,Full Heusler,21,L21,5.9114,1.0002,-0.021,64.28,0.199,TRUE,2.9205,524.38
Cr2CrGa,Full Heusler,21,L21,5.92,1,0.035,46.04,0.157,FALSE,2.8754,514.11
Cr2CrIn,Full Heusler,21,L21,6.25,1,0.344,68.56,No gap,FALSE,2.9604,449.82
Cr2CrSi,Full Heusler,22,L21,5.73,1,-0.169,41.4,No gap,TRUE,1.8813,370.96
Cr2CrGe,Full Heusler,22,L21,5.86,1,0.032,92.88,No gap,FALSE,1.9746,364.01
Cr2CrSn,Full Heusler,22,L21,6.2051,0.9983,0.239,99.84,0.014,FALSE,1.9997,311
Cr2CrP,Full Heusler,23,L21,5.6071,1.0028,-0.201,0,No gap,TRUE,0,0
Cr2CrAs,Full Heusler,23,L21,5.84,1,0.083,90.67,No gap,FALSE,0.9754,181.67
Cr2CrSb,Full Heusler,23,L21,6.14,1,0.265,99.93,0.433,FALSE,1,160.26
Cr2MnAl,Full Heusler,22,L21,5.9167,0.9999,0.002,97.35,0.209,FALSE,1.9932,357.03
Cr2MnGa,Full Heusler,22,L21,5.9347,1.0013,0.04,89.59,0.194,FALSE,1.9515,345.9
Cr2MnIn,Full Heusler,22,L21,6.27,1,0.337,62.99,No gap,FALSE,2.0343,306.15
Cr2MnSi,Full Heusler,23,L21,5.78,1,-0.162,84.44,0.138,TRUE,0.9306,178.77
Cr2MnGe,Full Heusler,23,L21,5.91,1,-0.007,92.23,0.418,TRUE,0.9588,172.3
Cr2MnSn,Full Heusler,23,L21,6.21,1,0.181,95.76,0.152,FALSE,0.9905,153.43
Cr2MnP,Full Heusler,24,L21,5.6774,0.9993,-0.268,41.82,0.005,TRUE,0.397,80.54
Cr2MnAs,Full Heusler,24,L21,5.85,1,-0.006,80.55,No gap,TRUE,0.0447,8.28
Cr2MnSb,Full Heusler,24,L21,6.13,1,0.171,95.17,0.547,FALSE,0.0011,0.18
Cr2FeAl,Full Heusler,23,L21,5.8518,0.9991,0.099,82.06,No gap,FALSE,4.9857,923.78
Cr2FeGa,Full Heusler,23,L21,5.89,1,0.11,50.67,0.066,FALSE,0.8541,155.06
Cr2FeIn,Full Heusler,23,L21,6.16,1,0.45,53.19,0.005,FALSE,0.9688,153.75
Cr2FeSi,Full Heusler,24,L21,5.7185,1.0021,-0.134,5.54,No gap,TRUE,0.7815,154.7
Cr2FeGe,Full Heusler,24,L21,5.84,1,0.049,40.46,No gap,FALSE,0.1578,29.39
Cr2FeSn,Full Heusler,24,D022,5.0667,1.6458,0.292,47.51,No gap,FALSE,1.0825,187.6
Cr2FeP,Full Heusler,25,L21,5.6248,0.9997,-0.223,13.2,0.004,TRUE,1.6627,346.69
Cr2FeAs,Full Heusler,25,L21,5.8006,0.9947,0.076,0.02,No gap,FALSE,1.1509,219.91
Cr2FeSb,Full Heusler,25,L21,6.06,1,0.296,61.58,0.005,FALSE,0.8395,139.94
Cr2CoAl,Full Heusler,24,L21,5.8919,0.9986,0.125,75.95,No gap,FALSE,5.7597,1046.02
Cr2CoGa,Full Heusler,24,L21,5.8906,1.001,0.162,79.2,No gap,FALSE,5.7819,1048.29
Cr2CoIn,Full Heusler,24,L21,6.1978,1.001,0.477,66.54,No gap,FALSE,6.9038,1074.68
Cr2CoSi,Full Heusler,25,D022,4.7767,1.6358,-0.265,0,No gap,TRUE,0,0
Cr2CoGe,Full Heusler,25,D022,4.8726,1.6211,-0.052,0,No gap,TRUE,0,0
Cr2CoSn,Full Heusler,25,L21,6.19,1,0.319,83.49,No gap,FALSE,7.0093,1096.3
Cr2CoP,Full Heusler,26,D022,5.5397,1.0331,-0.16,34.48,No gap,TRUE,0.4985,105.29
Cr2CoAs,Full Heusler,26,D022,4.9214,1.5768,0.014,57.4,No gap,FALSE,0.5348,105.56
Cr2CoSb,Full Heusler,26,D022,5.1399,1.5723,0.224,66.97,No gap,FALSE,0.7158,124.38
Cr2NiAl,Full Heusler,25,L21,6,1,0.153,66.55,No gap,FALSE,6.686,1148.26
Cr2NiGa,Full Heusler,25,L21,5.99,1,0.169,68.79,No gap,FALSE,6.5147,1124.45
Cr2NiIn,Full Heusler,25,L21,6.3,1,0.409,26.7,No gap,FALSE,7.4137,1099.87
Cr2NiSi,Full Heusler,26,D022,4.8237,1.6169,-0.215,0,No gap,TRUE,0,0
Cr2NiGe,Full Heusler,26,D022,4.9228,1.598,-0.031,7.82,No gap,TRUE,0.078,15.18
Cr2NiSn,Full Heusler,26,L21,6.27,1,0.273,0.79,No gap,FALSE,7.093,1067.47
Cr2NiP,Full Heusler,27,D022,5.4831,1.0761,-0.191,0,No gap,TRUE,0.0001,0.02
Cr2NiAs,Full Heusler,27,D022,5.0664,1.4838,0.043,69.21,No gap,FALSE,1.7279,332.19
Cr2NiSb,Full Heusler,27,D022,5.179,1.5627,0.215,65.14,No gap,FALSE,1.894,323.66
Mn2ScAl,Full Heusler,20,L21,6.16,1,-0.111,88.78,0.204,TRUE,4.0054,635.67
Mn2ScGa,Full Heusler,20,D022,5.63,1.3677,-0.111,31.71,No gap,TRUE,5.4082,822
Mn2ScIn,Full Heusler,20,L21,6.52,1,0.056,37.22,0.052,FALSE,5.9553,797.05
Mn2ScSi,Full Heusler,21,L21,5.9449,1.0011,-0.25,93.9,0.352,TRUE,2.9809,525.72
Mn2ScGe,Full Heusler,21,L21,6.04,1,-0.128,84.94,0.133,TRUE,2.9786,501.45
Mn2ScSn,Full Heusler,21,L21,6.48,1,-0.083,47.79,0.223,TRUE,5.6623,771.96
Mn2ScP,Full Heusler,22,L21,5.82,1,-0.313,96.18,0.304,TRUE,1.9888,374.24
Mn2ScAs,Full Heusler,22,L21,5.975,0.9998,-0.117,96.41,0.086,TRUE,1.9852,345.29
Mn2ScSb,Full Heusler,22,L21,6.2319,0.9996,-0.067,97.14,0.304,TRUE,1.9879,304.81
Mn2TiAl,Full Heusler,21,L21,5.95,1,-0.338,75.34,No gap,TRUE,2.9865,525.94
Mn2TiGa,Full Heusler,21,L21,5.94,1,-0.286,77.07,No gap,TRUE,2.9726,526.14
Mn2TiIn,Full Heusler,21,L21,6.22,1,-0.013,12.55,No gap,TRUE,3.184,490.83
Mn2TiSi,Full Heusler,22,L21,5.77,1,-0.535,93.46,0.399,TRUE,1.9832,382.97
Mn2TiGe,Full Heusler,22,L21,5.87,1,-0.351,94.28,0.114,TRUE,1.9721,361.69
Mn2TiSn,Full Heusler,22,L21,6.13,1,-0.17,96.98,No gap,TRUE,1.9841,319.53
Mn2TiP,Full Heusler,23,L21,5.6621,1.0001,-0.614,0.09,0.389,TRUE,0.0044,0.9
Mn2TiAs,Full Heusler,23,L21,5.82,1,-0.346,70.55,0.523,TRUE,0.9519,179.12
Mn2TiSb,Full Heusler,23,L21,6.07,1,-0.214,88.3,0.409,TRUE,0.976,161.89
Mn2VAl,Full Heusler,22,L21,5.8019,0.9994,-0.31,98.05,0.323,TRUE,1.9994,379.98
Mn2VGa,Full Heusler,22,L21,5.8044,1.001,-0.225,94.78,0.009,TRUE,1.9786,374.95
Mn2VIn,Full Heusler,22,L21,6.25,1,0.093,7.49,No gap,FALSE,4.1104,624.56
Mn2VSi,Full Heusler,23,L21,5.65,1,-0.517,73.16,0.005,TRUE,0.9657,198.62
Mn2VGe,Full Heusler,23,L21,5.75,1,-0.278,84.97,No gap,TRUE,0.9628,187.87
Mn2VSn,Full Heusler,23,L21,6.01,1,-0.018,93.53,0.138,TRUE,0.9941,169.88
Mn2VP,Full Heusler,24,L21,5.5664,0.9999,-0.548,3.35,No gap,TRUE,0.0018,0.39
Mn2VAs,Full Heusler,24,L21,5.7203,0.9994,-0.225,0.03,No gap,TRUE,0,0
Mn2VSb,Full Heusler,24,L21,5.9686,0.9999,-0.031,0,No gap,TRUE,0,0
Mn2CrAl,Full Heusler,23,L21,5.72,1,-0.155,91.76,No gap,TRUE,1.0406,206.26
Mn2CrGa,Full Heusler,23,D022,5.4019,1.2832,-0.061,58.23,No gap,TRUE,2.7269,500.11
Mn2CrIn,Full Heusler,23,L21,6.31,1,0.243,53.3,No gap,FALSE,3.7636,555.7
Mn2CrSi,Full Heusler,24,L21,5.5899,0.9988,-0.327,0.04,No gap,TRUE,0.0002,0.04
Mn2CrGe,Full Heusler,24,L21,5.72,1,-0.063,95.68,No gap,TRUE,0.0156,3.09
Mn2CrSn,Full Heusler,24,D022,5.61,1.3316,0.092,88.95,No gap,FALSE,2.028,320
Mn2CrP,Full Heusler,25,L21,5.55,1,-0.335,87.89,No gap,TRUE,1.0108,219.34
Mn2CrAs,Full Heusler,25,D022,5.2188,1.4032,-0.055,13.48,No gap,TRUE,1.4207,264.25
Mn2CrSb,Full Heusler,25,D022,5.52,1.3623,0.104,9.78,No gap,FALSE,1.1809,191.18
Mn2MnAl,Full Heusler,24,D022,5.3644,1.307,-0.136,55.07,No gap,TRUE,1.7039,313.27
Mn2MnGa,Full Heusler,24,D022,5.35,7.09,-0.104,58.98,No gap,TRUE,1.7624,60.22
Mn2MnIn,Full Heusler,24,D022,5.6,1.3464,0.179,67.32,No gap,FALSE,1.9188,301.03
Mn2MnSi,Full Heusler,25,L21,5.64,1,-0.328,95.93,0.39,TRUE,1.0071,208.24
Mn2MnGe,Full Heusler,25,D022,5.2882,1.343,-0.148,72.35,No gap,TRUE,0.9943,185.71
Mn2MnSn,Full Heusler,25,D022,5.5637,1.3377,0.033,85.16,No gap,FALSE,1.0435,168.02
Mn2MnP,Full Heusler,26,L21,5.55,1,-0.399,95.56,No gap,TRUE,2.0003,434.05
Mn2MnAs,Full Heusler,26,L21,5.71,1,-0.097,92.89,0.204,TRUE,2.002,398.92
Mn2MnSb,Full Heusler,26,D022,5.4041,1.4378,0.049,11.82,No gap,FALSE,1.133,185.22
Mn2FeAl,Full Heusler,25,D022,5.2194,1.3645,-0.072,29.28,No gap,TRUE,5.1686,988.26
Mn2FeGa,Full Heusler,25,L21,5.87,1,-0.036,48.52,No gap,TRUE,7.3108,1340.84
Mn2FeIn,Full Heusler,25,L21,6.16,1,0.234,29.41,No gap,FALSE,8.0256,1273.69
Mn2FeSi,Full Heusler,26,L21,5.599,1.0002,-0.265,25.04,No gap,TRUE,2.104,444.57
Mn2FeGe,Full Heusler,26,D022,5.3788,1.2613,-0.058,54.12,No gap,TRUE,6.4483,1218.73
Mn2FeSn,Full Heusler,26,D022,5.75,1.2104,0.088,32.05,No gap,FALSE,7.3279,1181.3
Mn2FeP,Full Heusler,27,L21,5.55,1,-0.294,44.63,No gap,TRUE,2.8161,611.08
Mn2FeAs,Full Heusler,27,D022,5.0395,1.4881,-0.02,22.65,No gap,TRUE,2.2138,431.17
Mn2FeSb,Full Heusler,27,D022,5.2938,1.4767,0.13,11.14,No gap,FALSE,7.1437,1209.64
Mn2CoAl,Full Heusler,26,L21,5.89,1,-0.144,4.85,No gap,TRUE,7.5559,1371.73
Mn2CoGa,Full Heusler,26,L21,5.91,1,-0.086,28.99,No gap,TRUE,7.7951,1400.83
Mn2CoIn,Full Heusler,26,L21,6.19,1,0.165,30.43,No gap,FALSE,8.1582,1276
Mn2CoSi,Full Heusler,27,D022,4.8959,1.4978,-0.257,46.4,No gap,TRUE,2.1643,456.77
Mn2CoGe,Full Heusler,27,L21,5.86,1,-0.009,56.26,No gap,TRUE,7.1538,1318.78
Mn2CoSn,Full Heusler,27,D022,5.5362,1.3506,0.052,44.8,No gap,FALSE,7.3015,1181.89
Mn2CoP,Full Heusler,28,L21,5.5092,0.9993,-0.238,0.09,No gap,TRUE,0.3986,88.49
Mn2CoAs,Full Heusler,28,D022,5.1779,1.3982,-0.028,34.13,No gap,TRUE,5.8381,1115.76
Mn2CoSb,Full Heusler,28,D022,5.4292,1.4102,0.076,62.81,No gap,FALSE,6.874,1129.94
Mn2NiAl,Full Heusler,27,L21,5.92,1,-0.097,50.48,0.019,TRUE,6.8174,1218.94
Mn2NiGa,Full Heusler,27,D022,5.3911,1.3223,-0.098,52.97,No gap,TRUE,6.6725,1194.72
Mn2NiIn,Full Heusler,27,L21,6.25,1,0.157,46.99,No gap,FALSE,7.7576,1178.73
Mn2NiSi,Full Heusler,28,D022,5.1434,1.3706,-0.266,18.3,No gap,TRUE,4.9589,986.39
Mn2NiGe,Full Heusler,28,D022,5.2653,1.3665,-0.129,26.27,No gap,TRUE,5.6529,1051.31
Mn2NiSn,Full Heusler,28,D022,5.4657,1.4094,-0.011,49.61,No gap,TRUE,6.3444,1022.67
Mn2NiP,Full Heusler,29,L21,5.53,1,-0.261,0,No gap,TRUE,0.0001,0.02
Mn2NiAs,Full Heusler,29,D022,5.2002,1.4034,-0.096,13.81,No gap,TRUE,5.3638,1008.23
Mn2NiSb,Full Heusler,29,D022,5.3953,1.4396,-0.008,49.95,No gap,TRUE,5.8538,960.44
Fe2ScAl,Full Heusler,22,L21,6.02,1,-0.197,92.85,0.123,TRUE,1.9221,326.82
Fe2ScGa,Full Heusler,22,L21,6.01,1,-0.14,93.61,No gap,TRUE,1.9142,327.11
Fe2ScIn,Full Heusler,22,L21,6.37,1,0.039,56.37,No gap,FALSE,3.8266,549.19
Fe2ScSi,Full Heusler,23,L21,5.85,1,-0.387,91.16,0.2,TRUE,0.9336,172.99
Fe2ScGe,Full Heusler,23,L21,5.95,1,-0.246,90.53,No gap,TRUE,0.9044,159.27
Fe2ScSn,Full Heusler,23,L21,6.2048,1.0005,-0.162,86.4,No gap,TRUE,0.8989,139.52
Fe2ScP,Full Heusler,24,L21,5.75,1,-0.484,0,0.342,TRUE,0,0
Fe2ScAs,Full Heusler,24,L21,5.9,1,-0.288,0,0.166,TRUE,0,0
Fe2ScSb,Full Heusler,24,L21,6.15,1,-0.253,0,0.099,TRUE,0.0002,0.03
Fe2TiAl,Full Heusler,23,L21,5.82,1,-0.465,88.76,0.047,TRUE,0.9442,177.67
Fe2TiGa,Full Heusler,23,L21,5.83,1,-0.377,87.03,0.033,TRUE,0.9086,170.1
Fe2TiIn,Full Heusler,23,L21,6.07,1,-0.059,88.28,No gap,TRUE,0.9466,157.01
Fe2TiSi,Full Heusler,24,L21,5.685,1.0001,-0.706,0,0.447,TRUE,0,0
Fe2TiGe,Full Heusler,24,L21,5.78,1,-0.494,0,0.214,TRUE,0,0
Fe2TiSn,Full Heusler,24,L21,6.0338,1,-0.304,0,0.09,TRUE,0.0007,0.12
Fe2TiP,Full Heusler,25,L21,5.65,1,-0.6,100,0.403,TRUE,1,205.68
Fe2TiAs,Full Heusler,25,L21,5.8,1,-0.354,100,0.365,TRUE,1,190.13
Fe2TiSb,Full Heusler,25,L21,6.04,1,-0.264,100,0.304,TRUE,1.0022,168.72
Fe2VAl,Full Heusler,24,L21,5.6925,1.0001,-0.427,0,No gap,TRUE,0,0
Fe2VGa,Full Heusler,24,L21,5.7084,1,-0.299,0,No gap,TRUE,0,0
Fe2VIn,Full Heusler,24,L21,5.9606,0.9999,0.107,0,No gap,FALSE,0,0
Fe2VSi,Full Heusler,25,L21,5.61,1,-0.489,81.91,0.09,TRUE,0.8056,169.26
Fe2VGe,Full Heusler,25,D022,5.59,1.0698,-0.249,78.36,No gap,TRUE,0.8652,171.76
Fe2VSn,Full Heusler,25,L21,5.98,1,-0.02,66.79,No gap,TRUE,0.882,153
Fe2VP,Full Heusler,26,D022,5.181,1.2439,-0.414,0,No gap,TRUE,0,0
Fe2VAs,Full Heusler,26,D022,5.3037,1.253,-0.134,0,No gap,TRUE,0,0
Fe2VSb,Full Heusler,26,L21,5.99,1,0.01,66.39,0.034,FALSE,1.8343,316.6
Fe2CrAl,Full Heusler,25,L21,5.6599,1,-0.167,95.02,0.162,TRUE,0.9978,204.15
Fe2CrGa,Full Heusler,25,L21,5.68,1,-0.033,100,0.138,TRUE,1.0013,202.7
Fe2CrIn,Full Heusler,25,D022,5.462,1.3928,0.302,87.34,No gap,FALSE,0.912,149.06
Fe2CrSi,Full Heusler,26,D022,5.4678,1.0659,-0.266,99.38,0.147,TRUE,2,425.78
Fe2CrGe,Full Heusler,26,D022,5.62,1.0409,-0.031,100,0.28,TRUE,2,401.54
Fe2CrSn,Full Heusler,26,L21,5.9688,0.9999,0.186,99.91,No gap,FALSE,2.0011,349.11
Fe2CrP,Full Heusler,27,D022,5.062,1.3152,-0.245,67.17,No gap,TRUE,1.0625,231.04
Fe2CrAs,Full Heusler,27,D022,5.22,1.3065,0.046,51.19,No gap,FALSE,0.1825,36.43
Fe2CrSb,Full Heusler,27,D022,5.756,1.1068,0.173,99.98,0.228,FALSE,3,527.27
Fe2MnAl,Full Heusler,26,L21,5.6711,1.0002,-0.038,0.01,No gap,TRUE,0.0001,0.02
Fe2MnGa,Full Heusler,26,L21,5.6969,1.0001,-0.075,74.25,0.119,TRUE,2.0329,407.84
Fe2MnIn,Full Heusler,26,D022,5.4,1.4278,0.236,30.29,No gap,FALSE,0.2034,33.56
Fe2MnSi,Full Heusler,27,L21,5.5942,0.9951,-0.34,100,0.432,TRUE,3,638.77
Fe2MnGe,Full Heusler,27,D022,5.7226,0.9839,-0.114,96.99,0.409,TRUE,3.0081,605.16
Fe2MnSn,Full Heusler,27,L21,5.9606,0.9992,0.107,0.23,0.223,FALSE,5.597,981.2
Fe2MnP,Full Heusler,28,L21,5.55,1,-0.321,100,0.351,TRUE,4,867.98
Fe2MnAs,Full Heusler,28,L21,5.7,1,-0.056,94.02,0.371,TRUE,4.006,802.44
Fe2MnSb,Full Heusler,28,L21,5.948,0.9993,0.062,87.28,0.603,FALSE,4.0661,717.31
Fe2FeAl,Full Heusler,27,L21,5.74,1,-0.201,54,No gap,TRUE,5.9605,1169.16
Fe2FeGa,Full Heusler,27,D022,5.43,1.2118,-0.111,56.93,No gap,TRUE,6.6536,1272.21
Fe2FeIn,Full Heusler,27,D022,5.65,1.2354,0.172,46.73,No gap,FALSE,7.1541,1191.05
Fe2FeSi,Full Heusler,28,L21,5.61,1,-0.329,44.51,0.01,TRUE,5.0667,1064.54
Fe2FeGe,Full Heusler,28,L21,5.7155,0.9998,-0.116,48.39,No gap,TRUE,5.2807,1049.36
Fe2FeSn,Full Heusler,28,L21,6.0127,1.0027,0.043,42.85,No gap,FALSE,6.5086,1107.7
Fe2FeP,Full Heusler,29,L21,5.5524,1.0001,-0.289,48.38,No gap,TRUE,5.0315,1090.32
Fe2FeAs,Full Heusler,29,L21,5.74,1,-0.037,0.32,0.005,TRUE,5.764,1130.62
Fe2FeSb,Full Heusler,29,L21,5.987,0.9995,0.058,27.48,No gap,FALSE,6.0872,1052.82
Fe2CoAl,Full Heusler,28,D022,5.056,1.4727,-0.19,64.3,No gap,TRUE,5.8097,1132.27
Fe2CoGa,Full Heusler,28,L21,5.77,1,-0.049,79.39,No gap,TRUE,6.0409,1166.54
Fe2CoIn,Full Heusler,28,L21,6.05,1,0.244,79.59,No gap,FALSE,6.5959,1104.93
Fe2CoSi,Full Heusler,29,L21,5.59,1,-0.226,81.65,No gap,TRUE,4.3846,931.15
Fe2CoGe,Full Heusler,29,D022,5.0578,1.4637,-0.089,54.22,No gap,TRUE,5.5796,1092.94
Fe2CoSn,Full Heusler,29,D022,5.2541,1.4938,0.059,48.36,No gap,FALSE,5.8411,1000.09
Fe2CoP,Full Heusler,30,D022,5.4186,1.0599,-0.202,47.93,No gap,TRUE,3.7875,833.19
Fe2CoAs,Full Heusler,30,L21,5.72,1,0.05,49,0.038,FALSE,4.848,960.95
Fe2CoSb,Full Heusler,30,D022,5.9538,1.0104,0.164,65.86,No gap,FALSE,5.2371,911.03
Fe2NiAl,Full Heusler,29,D022,4.9494,1.5606,-0.27,19.72,No gap,TRUE,4.5692,895.85
Fe2NiGa,Full Heusler,29,D022,4.9986,1.5315,-0.167,32.84,No gap,TRUE,4.7697,924.99
Fe2NiIn,Full Heusler,29,D022,5.2056,1.5535,0.096,64.88,No gap,FALSE,5.1293,868.29
Fe2NiSi,Full Heusler,30,D022,4.9287,1.5014,-0.327,2.56,No gap,TRUE,4.6756,964.86
Fe2NiGe,Full Heusler,30,D022,5.0188,1.5075,-0.165,5.79,No gap,TRUE,4.8274,939.74
Fe2NiSn,Full Heusler,30,D022,5.219,1.5298,-0.042,14.2,No gap,TRUE,4.9502,844.38
Fe2NiP,Full Heusler,31,D022,5.3607,1.1005,-0.236,23.36,No gap,TRUE,3.0197,660.73
Fe2NiAs,Full Heusler,31,D022,5.0354,1.5397,-0.083,4.36,No gap,TRUE,5.5457,1046.53
Fe2NiSb,Full Heusler,31,D022,5.2267,1.54,0.002,30.79,No gap,FALSE,5.3721,906.31
Ru2ScAl,Full Heusler,22,L21,6.2276,0.9991,-0.567,0,No gap,TRUE,0,0
Ru2ScGa,Full Heusler,22,L21,6.24,1,-0.435,0.02,No gap,TRUE,0.0002,0.03
Ru2ScIn,Full Heusler,22,L21,6.4522,1.0016,-0.26,0.02,No gap,TRUE,0.0002,0.03
Ru2ScSi,Full Heusler,23,L21,6.13,1,-0.666,0,No gap,TRUE,0,0
Ru2ScGe,Full Heusler,23,L21,6.216,0.9997,-0.535,0,No gap,TRUE,0,0
Ru2ScSn,Full Heusler,23,L21,6.4312,0.9997,-0.526,0.03,No gap,TRUE,0.0004,0.06
Ru2ScP,Full Heusler,24,L21,6.07,1,-0.66,0,No gap,TRUE,0,0
Ru2ScAs,Full Heusler,24,L21,6.2,1,-0.538,0.01,No gap,TRUE,0,0
Ru2ScSb,Full Heusler,24,L21,6.39,1,-0.605,0.01,No gap,TRUE,0,0
Ru2TiAl,Full Heusler,23,L21,6.0858,1.0002,-0.765,0,No gap,TRUE,0,0
Ru2TiGa,Full Heusler,23,L21,6.1,1,-0.623,0,No gap,TRUE,0,0
Ru2TiIn,Full Heusler,23,L21,6.314,0.9989,-0.347,0,No gap,TRUE,0.0001,0.01
Ru2TiSi,Full Heusler,24,L21,5.9958,1,-0.896,0.01,No gap,TRUE,0,0
Ru2TiGe,Full Heusler,24,L21,6.0797,1.0002,-0.708,0.01,No gap,TRUE,0,0
Ru2TiSn,Full Heusler,24,L21,6.29,1,-0.604,0.01,No gap,TRUE,0,0
Ru2TiP,Full Heusler,25,D022,5.7232,1.1477,-0.612,0,No gap,TRUE,0,0
Ru2TiAs,Full Heusler,25,D022,5.8325,1.1516,-0.454,0,No gap,TRUE,0,0
Ru2TiSb,Full Heusler,25,D022,6.0283,1.1435,-0.457,0,No gap,TRUE,0,0
Ru2VAl,Full Heusler,24,L21,5.9945,1,-0.628,0.02,No gap,TRUE,0,0
Ru2VGa,Full Heusler,24,L21,6.0142,1.0002,-0.458,0,No gap,TRUE,0,0
Ru2VIn,Full Heusler,24,L21,6.2309,0.9998,-0.115,0.01,No gap,TRUE,0,0
Ru2VSi,Full Heusler,25,L21,5.93,1,-0.565,85.07,0.01,TRUE,0.9479,168.63
Ru2VGe,Full Heusler,25,L21,6.0247,1.0005,-0.36,99,0.019,TRUE,1,169.55
Ru2VSn,Full Heusler,25,L21,6.24,1,-0.191,0.84,No gap,TRUE,0.0036,0.55
Ru2VP,Full Heusler,26,D022,5.55,1.218,-0.343,3.35,No gap,TRUE,0.0471,8.39
Ru2VAs,Full Heusler,26,L21,6.07,1,-0.121,96.54,No gap,TRUE,1.928,319.79
Ru2VSb,Full Heusler,26,D022,5.8518,1.2114,-0.118,0.03,No gap,TRUE,0.0002,0.03
Ru2CrAl,Full Heusler,25,L21,5.9697,0.9999,-0.347,92.21,No gap,TRUE,1.071,186.78
Ru2CrGa,Full Heusler,25,L21,5.9937,1.0002,-0.186,90.72,No gap,TRUE,1.1539,198.74
Ru2CrIn,Full Heusler,25,L21,6.22,1,0.157,88.03,No gap,FALSE,1.2682,195.5
Ru2CrSi,Full Heusler,26,L21,5.9221,1,-0.413,97.16,0.313,TRUE,2.0034,357.8
Ru2CrGe,Full Heusler,26,L21,6.0108,1.0001,-0.217,86.97,0.148,TRUE,2.0241,345.73
Ru2CrSn,Full Heusler,26,L21,6.24,1,-0.079,71.39,No gap,TRUE,2.0577,314.16
Ru2CrP,Full Heusler,27,L21,5.92,1,-0.22,96.92,No gap,TRUE,2.9699,531.01
Ru2CrAs,Full Heusler,27,L21,6.05,1,-0.042,95.5,No gap,TRUE,2.9478,493.81
Ru2CrSb,Full Heusler,27,L21,6.2258,1.0087,-0.019,98.62,No gap,TRUE,3.0034,457.73
Ru2MnAl,Full Heusler,26,L21,5.9759,0.9997,-0.399,60.72,No gap,TRUE,2.1106,367
Ru2MnGa,Full Heusler,26,L21,5.996,1,-0.254,62.9,No gap,TRUE,2.1457,369.26
Ru2MnIn,Full Heusler,26,L21,6.2306,0.9999,0.076,70.11,No gap,FALSE,2.2152,339.79
Ru2MnSi,Full Heusler,27,L21,5.9166,0.9996,-0.465,96.58,0.123,TRUE,3.011,539.5
Ru2MnGe,Full Heusler,27,L21,6.0069,1.0001,-0.264,94.43,0.114,TRUE,3.0349,519.35
Ru2MnSn,Full Heusler,27,L21,6.2356,1,-0.134,90.83,0.114,TRUE,3.0859,472.12
Ru2MnP,Full Heusler,28,L21,5.91,1,-0.308,96.13,No gap,TRUE,3.9618,711.96
Ru2MnAs,Full Heusler,28,L21,6.04,1,-0.129,92.31,No gap,TRUE,3.9508,665.12
Ru2MnSb,Full Heusler,28,L21,6.24,1,-0.126,95.58,0.276,TRUE,4.0241,614.39
Ru2FeAl,Full Heusler,27,L21,5.98,1,-0.305,79.09,No gap,TRUE,3.1046,538.55
Ru2FeGa,Full Heusler,27,L21,5.9964,1.0005,-0.149,82.14,No gap,TRUE,3.1606,543.48
Ru2FeIn,Full Heusler,27,L21,6.23,1,0.174,79.37,No gap,FALSE,3.2673,501.25
Ru2FeSi,Full Heusler,28,L21,5.91,1,-0.362,73.14,No gap,TRUE,3.9022,701.25
Ru2FeGe,Full Heusler,28,L21,6.01,1,-0.159,77.06,No gap,TRUE,4.0354,689.59
Ru2FeSn,Full Heusler,28,L21,6.23,1,-0.046,66.57,No gap,TRUE,4.147,636.2
Ru2FeP,Full Heusler,29,L21,5.8963,0.9982,-0.191,70.39,No gap,TRUE,4.1472,751.84
Ru2FeAs,Full Heusler,29,L21,6.02,1,-0.01,81.74,No gap,TRUE,4.2502,722.68
Ru2FeSb,Full Heusler,29,L21,6.22,1,0,71.95,No gap,TRUE,4.388,676.43
Ru2CoAl,Full Heusler,28,L21,5.95,1,-0.152,29.38,No gap,TRUE,2.1645,381.18
Ru2CoGa,Full Heusler,28,L21,5.97,1,0.002,36.96,No gap,FALSE,1.6152,281.6
Ru2CoIn,Full Heusler,28,L21,6.175,0.9969,0.366,1.93,No gap,FALSE,0.2047,32.35
Ru2CoSi,Full Heusler,29,L21,5.87,1,-0.242,27.77,No gap,TRUE,1.9178,351.74
Ru2CoGe,Full Heusler,29,L21,5.96,1,-0.032,24.61,No gap,TRUE,1.9867,348.11
Ru2CoSn,Full Heusler,29,L21,6.1683,0.9986,0.118,48.23,No gap,FALSE,3.0292,479.45
Ru2CoP,Full Heusler,30,L21,5.84,1,-0.151,5.88,No gap,TRUE,2.2273,414.83
Ru2CoAs,Full Heusler,30,L21,5.98,1,0.05,5.98,No gap,FALSE,2.5327,439.35
Ru2CoSb,Full Heusler,30,L21,6.19,1,0.093,57.07,No gap,FALSE,2.8044,438.63
Ru2NiAl,Full Heusler,29,L21,5.94,1,-0.185,0,No gap,TRUE,0,0
Ru2NiGa,Full Heusler,29,L21,5.956,1.0002,-0.048,0,No gap,TRUE,0.0001,0.02
Ru2NiIn,Full Heusler,29,L21,6.183,1.0025,0.295,1.89,No gap,FALSE,0.4478,70.1
Ru2NiSi,Full Heusler,30,L21,5.8584,0.9999,-0.297,2.65,No gap,TRUE,0.2722,50.22
Ru2NiGe,Full Heusler,30,L21,5.9512,0.9999,-0.089,0.5,No gap,TRUE,0.4651,81.87
Ru2NiSn,Full Heusler,30,L21,6.19,1,0.068,34.34,No gap,FALSE,1.798,281.22
Ru2NiP,Full Heusler,31,L21,5.8253,0.9997,-0.232,0,No gap,TRUE,0.0001,0.02
Ru2NiAs,Full Heusler,31,L21,5.96,1,-0.017,0,No gap,TRUE,0.0008,0.14
Ru2NiSb,Full Heusler,31,L21,6.18,1,0.037,33.41,No gap,FALSE,1.6166,254.08
Co2ScAl,Full Heusler,24,L21,5.97,1,-0.51,0.05,No gap,TRUE,0.0001,0.02
Co2ScGa,Full Heusler,24,L21,5.97,1,-0.438,0.03,No gap,TRUE,0.0001,0.02
Co2ScIn,Full Heusler,24,L21,6.21,1,-0.246,0.02,No gap,TRUE,0,0
Co2ScSi,Full Heusler,25,L21,5.87,1,-0.581,100,0.104,TRUE,1,183.41
Co2ScGe,Full Heusler,25,L21,5.9621,0.9999,-0.461,93.33,No gap,TRUE,1.0143,177.56
Co2ScSn,Full Heusler,25,L21,6.21,1,-0.424,87.62,No gap,TRUE,1.0378,160.76
Co2ScP,Full Heusler,26,L21,5.8344,0.9996,-0.552,67.39,0.465,TRUE,2,373.72
Co2ScAs,Full Heusler,26,L21,5.99,1,-0.408,87.34,0.147,TRUE,1.997,344.69
Co2ScSb,Full Heusler,26,L21,6.22,1,-0.414,100,0.295,TRUE,2,308.31
Co2TiAl,Full Heusler,25,L21,5.83,1,-0.621,60.07,0.267,TRUE,1,187.21
Co2TiGa,Full Heusler,25,L21,5.83,1,-0.525,91.02,No gap,TRUE,1.0005,187.3
Co2TiIn,Full Heusler,25,L21,6.07,1,-0.251,88.37,No gap,TRUE,1.0284,170.58
Co2TiSi,Full Heusler,26,L21,5.75,1,-0.669,7.5,0.528,TRUE,2,390.26
Co2TiGe,Full Heusler,26,L21,5.8394,1.0006,-0.505,14.8,0.332,TRUE,2,372.37
Co2TiSn,Full Heusler,26,L21,6.09,1,-0.397,100,0.243,TRUE,2,328.48
Co2TiP,Full Heusler,27,D022,5.22,1.2989,-0.614,22.88,No gap,TRUE,0.9248,185.7
Co2TiAs,Full Heusler,27,D022,5.38,1.277,-0.408,67.19,No gap,TRUE,0.9743,181.76
Co2TiSb,Full Heusler,27,D022,5.78,1.1574,-0.322,7.78,No gap,TRUE,1.2418,206.11
Co2VAl,Full Heusler,26,L21,5.74,1,-0.412,94.88,0.309,TRUE,1.9985,392.01
Co2VGa,Full Heusler,26,L21,5.7561,1,-0.296,100,0.161,TRUE,2,389.03
Co2VIn,Full Heusler,26,L21,6,1,0.017,94.62,0.085,FALSE,2.0031,344.01
Co2VSi,Full Heusler,27,D022,5.21,1.2687,-0.448,51.51,No gap,TRUE,0.9313,192.55
Co2VGe,Full Heusler,27,D022,5.2646,1.2922,-0.263,13.5,No gap,TRUE,0.923,181.6
Co2VSn,Full Heusler,27,L21,6.02,1,-0.092,70.08,0.256,TRUE,3,510.1
Co2VP,Full Heusler,28,D022,4.9881,1.4113,-0.423,0,No gap,TRUE,0.0001,0.02
Co2VAs,Full Heusler,28,D022,5.1288,1.4031,-0.169,0.03,No gap,TRUE,0.0002,0.04
Co2VSb,Full Heusler,28,L21,6.02,1,0.001,9.32,0.38,FALSE,3.6913,627.65
Co2CrAl,Full Heusler,27,L21,5.704,1.0001,-0.233,100,0.441,TRUE,3,599.57
Co2CrGa,Full Heusler,27,L21,5.7241,0.9986,-0.105,94.22,0.138,TRUE,3.0259,599.32
Co2CrIn,Full Heusler,27,L21,5.98,1,0.207,88.65,No gap,FALSE,3.165,549.03
Co2CrSi,Full Heusler,28,L21,5.6335,0.9995,-0.31,100,0.565,TRUE,4,830.36
Co2CrGe,Full Heusler,28,L21,5.74,1,-0.111,100,0.29,TRUE,4,784.61
Co2CrSn,Full Heusler,28,L21,5.99,1,0.016,91.25,0.118,FALSE,4.019,693.69
Co2CrP,Full Heusler,29,D022,4.95,1.4121,-0.268,29.41,No gap,TRUE,1.2939,280.25
Co2CrAs,Full Heusler,29,D022,5.1204,1.389,-0.015,14.29,No gap,TRUE,1.3838,275.29
Co2CrSb,Full Heusler,29,L21,6.0086,1.0001,0.051,100,0.271,FALSE,5,854.89
Co2MnAl,Full Heusler,28,L21,5.7,1,-0.356,59.7,0.418,TRUE,4.0235,805.95
Co2MnGa,Full Heusler,28,L21,5.7183,1.0002,-0.228,72.89,0.109,TRUE,4.0987,813.01
Co2MnIn,Full Heusler,28,L21,5.9839,0.9998,0.069,2.06,No gap,FALSE,4.4315,767.41
Co2MnSi,Full Heusler,29,L21,5.6301,0.9997,-0.441,100,0.571,TRUE,5,1039.59
Co2MnGe,Full Heusler,29,L21,5.7347,1.0002,-0.248,99.46,0.323,TRUE,5,983.33
Co2MnSn,Full Heusler,29,L21,5.99,1,-0.131,76.76,0.175,TRUE,5.0283,867.9
Co2MnP,Full Heusler,30,L21,5.6382,0.9995,-0.314,100,0.637,TRUE,5.9999,1242.43
Co2MnAs,Full Heusler,30,L21,5.7963,0.9988,-0.126,95.58,0.162,TRUE,5.9966,1143.66
Co2MnSb,Full Heusler,30,L21,6.018,1.0011,-0.087,100,0.395,TRUE,6,1020.09
Co2FeAl,Full Heusler,29,L21,5.7,1,-0.359,74.69,0.009,TRUE,4.991,999.75
Co2FeGa,Full Heusler,29,L21,5.72,1,-0.231,74.39,No gap,TRUE,5.0109,993.24
Co2FeIn,Full Heusler,29,L21,5.98,1,0.065,31.78,0.028,FALSE,5.1132,886.99
Co2FeSi,Full Heusler,30,L21,5.628,0.9992,-0.354,72.34,0.052,TRUE,5.48,1141.24
Co2FeGe,Full Heusler,30,L21,5.74,1,-0.163,67.99,0.043,TRUE,5.6579,1109.8
Co2FeSn,Full Heusler,30,L21,5.9935,1.0033,-0.039,68.56,0.096,TRUE,5.7037,979.57
Co2FeP,Full Heusler,31,D022,5.1947,1.2352,-0.247,6.49,No gap,TRUE,4.6553,997.36
Co2FeAs,Full Heusler,31,D022,5.38,1.2193,-0.038,11.48,No gap,TRUE,5.0427,985.19
Co2FeSb,Full Heusler,31,D022,5.63,1.1918,0.029,14.9,No gap,FALSE,4.8951,853.79
Co2CoAl,Full Heusler,30,L21,5.68,1,-0.22,67.49,No gap,TRUE,4.0336,816.54
Co2CoGa,Full Heusler,30,L21,5.7,1,-0.09,69.43,No gap,TRUE,4.0989,821.05
Co2CoIn,Full Heusler,30,L21,5.97,1,0.209,74.43,No gap,FALSE,4.3081,751.09
Co2CoSi,Full Heusler,31,D022,5.07,1.3156,-0.285,62.54,No gap,TRUE,2.8601,618.82
Co2CoGe,Full Heusler,31,L21,5.7,1,-0.056,63.59,0.01,TRUE,3.9626,793.75
Co2CoSn,Full Heusler,31,L21,5.9636,0.994,0.079,69.03,No gap,FALSE,3.9941,702.78
Co2CoP,Full Heusler,32,D022,4.95,1.3717,-0.239,35.09,No gap,TRUE,2.3689,528.19
Co2CoAs,Full Heusler,32,D022,5.09,1.3733,-0.008,28.67,No gap,TRUE,2.623,537.29
Co2CoSb,Full Heusler,32,D022,5.33,1.349,0.065,51.48,No gap,FALSE,2.5396,461.22
Co2NiAl,Full Heusler,31,D022,5.042,1.4259,-0.249,72.15,No gap,TRUE,2.8742,583.37
Co2NiGa,Full Heusler,31,D022,5.0864,1.4034,-0.132,71.81,No gap,TRUE,2.9236,587.29
Co2NiIn,Full Heusler,31,D022,5.2768,1.4358,0.138,75.21,No gap,FALSE,3.1205,548.73
Co2NiSi,Full Heusler,32,D022,5.1124,1.2842,-0.313,51.5,No gap,TRUE,1.966,424.99
Co2NiGe,Full Heusler,32,D022,5.1942,1.2979,-0.125,51.51,No gap,TRUE,2.106,429.55
Co2NiSn,Full Heusler,32,D022,5.3867,1.3281,0.003,54.29,No gap,FALSE,2.266,404.94
Co2NiP,Full Heusler,33,D022,5.0729,1.274,-0.253,67.99,No gap,TRUE,1.316,293.51
Co2NiAs,Full Heusler,33,D022,5.2064,1.2837,-0.036,69.92,No gap,TRUE,1.4897,305.05
Co2NiSb,Full Heusler,33,D022,5.4176,1.2808,0.016,68.98,No gap,FALSE,1.2362,225.17
Rh2ScAl,Full Heusler,24,L21,6.24,1,-1.098,0,No gap,TRUE,0,0
Rh2ScGa,Full Heusler,24,L21,6.25,1,-0.982,0,No gap,TRUE,0,0
Rh2ScIn,Full Heusler,24,L21,6.454,0.9994,-0.848,0,No gap,TRUE,0,0
Rh2ScSi,Full Heusler,25,D022,5.91,1.1387,-0.964,0,No gap,TRUE,0,0
Rh2ScGe,Full Heusler,25,D022,5.96,1.1577,-0.885,0,No gap,TRUE,0,0
Rh2ScSn,Full Heusler,25,D022,6.1842,1.1374,-0.928,0,No gap,TRUE,0,0
Rh2ScP,Full Heusler,26,D022,5.63,1.3126,-0.844,0,No gap,TRUE,0,0
Rh2ScAs,Full Heusler,26,D022,5.75,1.3043,-0.772,0,No gap,TRUE,0,0
Rh2ScSb,Full Heusler,26,D022,6.02,1.2342,-0.826,0,No gap,TRUE,0,0
Rh2TiAl,Full Heusler,25,D022,5.8845,1.1227,-1.01,0,No gap,TRUE,0,0
Rh2TiGa,Full Heusler,25,D022,5.8319,1.1589,-0.887,0,No gap,TRUE,0,0
Rh2TiIn,Full Heusler,25,D022,6.03,1.1559,-0.686,0,No gap,TRUE,0,0
Rh2TiSi,Full Heusler,26,D022,5.6,1.2643,-0.9,0.01,No gap,TRUE,0,0
Rh2TiGe,Full Heusler,26,D022,5.6423,1.283,-0.792,0,No gap,TRUE,0,0
Rh2TiSn,Full Heusler,26,D022,5.88,1.25,-0.762,0.39,No gap,TRUE,0.0022,0.32
Rh2TiP,Full Heusler,27,D022,5.4054,1.3963,-0.787,0,No gap,TRUE,0,0
Rh2TiAs,Full Heusler,27,D022,5.5119,1.3919,-0.669,0,No gap,TRUE,0,0
Rh2TiSb,Full Heusler,27,D022,5.7482,1.339,-0.659,0,No gap,TRUE,0,0
Rh2VAl,Full Heusler,26,D022,5.68,1.206,-0.679,0,No gap,TRUE,0,0
Rh2VGa,Full Heusler,26,D022,5.62,1.2509,-0.553,59.48,No gap,TRUE,0.3366,56.24
Rh2VIn,Full Heusler,26,D022,5.82,1.2457,-0.323,61.1,No gap,TRUE,0.6293,95.06
Rh2VSi,Full Heusler,27,D022,5.5053,1.2839,-0.617,77.76,No gap,TRUE,1.1145,192.98
Rh2VGe,Full Heusler,27,D022,5.56,1.2986,-0.483,78.58,No gap,TRUE,1.1332,188.34
Rh2VSn,Full Heusler,27,D022,5.78,1.2785,-0.44,78.74,No gap,TRUE,1.2745,191.5
Rh2VP,Full Heusler,28,D022,5.3213,1.4037,-0.493,37.95,No gap,TRUE,1.0604,185.97
Rh2VAs,Full Heusler,28,D022,5.46,1.3864,-0.361,12.98,No gap,TRUE,1.2197,200.49
Rh2VSb,Full Heusler,28,D022,5.69,1.3427,-0.323,0.01,No gap,TRUE,0,0
Rh2CrAl,Full Heusler,27,L21,6.0464,0.9982,-0.542,93.96,No gap,TRUE,3.014,506.68
Rh2CrGa,Full Heusler,27,L21,6.0572,1.003,-0.394,91.35,No gap,TRUE,3.0382,505.62
Rh2CrIn,Full Heusler,27,L21,6.29,1,-0.187,87.73,No gap,TRUE,3.129,466.42
Rh2CrSi,Full Heusler,28,D022,5.5,1.2727,-0.486,30.46,No gap,TRUE,2.2108,387.31
Rh2CrGe,Full Heusler,28,D022,5.57,1.2801,-0.35,36.79,No gap,TRUE,2.256,378.33
Rh2CrSn,Full Heusler,28,D022,5.84,1.2397,-0.322,71.96,No gap,TRUE,2.7315,410.36
Rh2CrP,Full Heusler,29,D022,5.38,1.3513,-0.31,29.31,No gap,TRUE,1.989,350.64
Rh2CrAs,Full Heusler,29,D022,5.54,1.3249,-0.185,49.41,No gap,TRUE,2.5823,425.22
Rh2CrSb,Full Heusler,29,D022,5.69,1.3427,-0.231,89.89,No gap,TRUE,2.984,447.52
Rh2MnAl,Full Heusler,28,L21,6.04,1,-0.693,85,No gap,TRUE,4.0755,686.12
Rh2MnGa,Full Heusler,28,L21,6.06,1,-0.537,81.46,No gap,TRUE,4.1263,687.81
Rh2MnIn,Full Heusler,28,L21,6.2917,1.0003,-0.343,57.36,No gap,TRUE,4.3626,649.57
Rh2MnSi,Full Heusler,29,L21,5.99,1,-0.59,22.29,No gap,TRUE,4.6918,809.82
Rh2MnGe,Full Heusler,29,D022,5.9,1.0949,-0.453,7.25,No gap,TRUE,4.3881,723.88
Rh2MnSn,Full Heusler,29,L21,6.3,1,-0.468,24.5,No gap,TRUE,4.7673,707.26
Rh2MnP,Full Heusler,30,D022,5.59,1.2254,-0.383,34.89,No gap,TRUE,4.0753,706.27
Rh2MnAs,Full Heusler,30,D022,5.7278,1.2154,-0.288,21.95,No gap,TRUE,4.2482,690.02
Rh2MnSb,Full Heusler,30,L21,6.32,1,-0.325,65.38,No gap,TRUE,4.7785,702.21
Rh2FeAl,Full Heusler,29,L21,6.02,1,-0.605,89.21,0.033,TRUE,4.2859,728.75
Rh2FeGa,Full Heusler,29,L21,6.04,1,-0.44,90.89,No gap,TRUE,4.2503,715.54
Rh2FeIn,Full Heusler,29,L21,6.27,1,-0.231,88.75,No gap,TRUE,4.2259,635.98
Rh2FeSi,Full Heusler,30,D022,5.6362,1.1785,-0.483,48.15,No gap,TRUE,3.8427,675.54
Rh2FeGe,Full Heusler,30,L21,6.05,1,-0.293,79.24,0.1,TRUE,3.5169,589.14
Rh2FeSn,Full Heusler,30,D022,5.8812,1.2045,-0.337,53.23,No gap,TRUE,3.9303,595.03
Rh2FeP,Full Heusler,31,D022,5.48,1.2737,-0.271,43.22,No gap,TRUE,3.4132,604.05
Rh2FeAs,Full Heusler,31,D022,5.59,1.2844,-0.165,60.12,No gap,TRUE,3.6887,609.89
Rh2FeSb,Full Heusler,31,D022,5.74,1.284,-0.238,33.22,No gap,TRUE,3.3922,518.22
Rh2CoAl,Full Heusler,30,L21,5.98,1,-0.47,88.07,No gap,TRUE,3.0222,524.26
Rh2CoGa,Full Heusler,30,L21,6,1,-0.305,89.02,No gap,TRUE,2.9963,514.59
Rh2CoIn,Full Heusler,30,L21,6.23,1,-0.078,90.25,No gap,TRUE,2.9963,459.67
Rh2CoSi,Full Heusler,31,D022,5.54,1.2094,-0.408,57.19,No gap,TRUE,2.2321,402.67
Rh2CoGe,Full Heusler,31,D022,5.6027,1.2236,-0.255,57.84,No gap,TRUE,2.255,388.72
Rh2CoSn,Full Heusler,31,D022,5.6517,1.3041,-0.235,54.27,No gap,TRUE,2.1901,345.09
Rh2CoP,Full Heusler,32,D022,5.44,1.2647,-0.244,11.35,No gap,TRUE,2.0423,372.1
Rh2CoAs,Full Heusler,32,D022,5.55,1.2739,-0.126,5.58,No gap,TRUE,2.1318,363.14
Rh2CoSb,Full Heusler,32,D022,5.69,1.29,-0.202,14.36,No gap,TRUE,2.0536,320.57
Rh2NiAl,Full Heusler,31,L21,5.97,1,-0.507,68.55,No gap,TRUE,1.8182,316.99
Rh2NiGa,Full Heusler,31,L21,5.99,1,-0.35,79.65,No gap,TRUE,1.8169,313.6
Rh2NiIn,Full Heusler,31,D022,5.74,1.2683,-0.129,44.6,No gap,TRUE,1.4926,230.84
Rh2NiSi,Full Heusler,32,L21,5.89,1,-0.476,76.67,No gap,TRUE,1.0025,182
Rh2NiGe,Full Heusler,32,L21,5.98,1,-0.314,81.8,No gap,TRUE,1.0053,174.39
Rh2NiSn,Full Heusler,32,L21,6.21,1,-0.289,83.44,No gap,TRUE,1.0021,155.23
Rh2NiP,Full Heusler,33,D022,5.58,1.1667,-0.302,47.07,No gap,TRUE,0.5346,97.84
Rh2NiAs,Full Heusler,33,D022,5.68,1.1813,-0.18,63.21,No gap,TRUE,0.5882,100.79
Rh2NiSb,Full Heusler,33,D022,5.77,1.2322,-0.266,38.14,No gap,TRUE,0.387,60.65
Ni2ScAl,Full Heusler,26,L21,6.07,1,-0.639,0,No gap,TRUE,0,0
Ni2ScGa,Full Heusler,26,L21,6.06,1,-0.582,0,No gap,TRUE,0,0
Ni2ScIn,Full Heusler,26,L21,6.29,1,-0.466,0,No gap,TRUE,0,0
Ni2ScSi,Full Heusler,27,L21,5.9449,1.0004,-0.65,0,No gap,TRUE,0,0
Ni2ScGe,Full Heusler,27,L21,6.029,1.0038,-0.577,0,No gap,TRUE,0,0
Ni2ScSn,Full Heusler,27,L21,6.27,1,-0.594,0,No gap,TRUE,0,0
Ni2ScP,Full Heusler,28,D022,5.4217,1.3115,-0.652,0,No gap,TRUE,0,0
Ni2ScAs,Full Heusler,28,D022,5.64,1.2482,-0.539,0,No gap,TRUE,0,0
Ni2ScSb,Full Heusler,28,L21,6.2648,0.9992,-0.556,0,No gap,TRUE,0,0
Ni2TiAl,Full Heusler,27,L21,5.8913,1.0019,-0.633,0,No gap,TRUE,0,0
Ni2TiGa,Full Heusler,27,L21,5.8876,1.0019,-0.553,0,No gap,TRUE,0,0
Ni2TiIn,Full Heusler,27,L21,6.13,1,-0.359,0,No gap,TRUE,0,0
Ni2TiSi,Full Heusler,28,L21,5.79,1,-0.639,0,No gap,TRUE,0,0
Ni2TiGe,Full Heusler,28,D022,5.7,1.1018,-0.517,0.01,No gap,TRUE,0,0
Ni2TiSn,Full Heusler,28,L21,6.1136,1.0039,-0.473,0,No gap,TRUE,0,0
Ni2TiP,Full Heusler,29,D022,5.0499,1.5157,-0.617,0,No gap,TRUE,0,0
Ni2TiAs,Full Heusler,29,D022,5.2131,1.479,-0.444,0,No gap,TRUE,0,0
Ni2TiSb,Full Heusler,29,L21,6.13,1,-0.373,0,No gap,TRUE,0,0
Ni2VAl,Full Heusler,28,L21,5.8,1,-0.389,0,No gap,TRUE,0,0
Ni2VGa,Full Heusler,28,L21,5.8,1,-0.287,0,No gap,TRUE,0,0
Ni2VIn,Full Heusler,28,L21,6.0349,1.0016,-0.055,0,No gap,TRUE,0,0
Ni2VSi,Full Heusler,29,D022,5.3178,1.2359,-0.372,22.22,No gap,TRUE,0.2666,53.21
Ni2VGe,Full Heusler,29,D022,5.29,1.327,-0.23,84.42,No gap,TRUE,0.9729,183.72
Ni2VSn,Full Heusler,29,L21,6.05,1,-0.143,64.62,No gap,TRUE,0.8256,138.3
Ni2VP,Full Heusler,30,D022,4.91,1.5519,-0.365,0,No gap,TRUE,0.0001,0.02
Ni2VAs,Full Heusler,30,D022,5.0985,1.4979,-0.161,40.43,No gap,TRUE,1.1153,208.4
Ni2VSb,Full Heusler,30,D022,5.7,1.2088,-0.076,40.57,No gap,TRUE,1.7254,285.92
Ni2CrAl,Full Heusler,29,L21,5.8,1,-0.271,2.89,0.023,TRUE,3.2235,612.87
Ni2CrGa,Full Heusler,29,D022,5.35,1.2729,-0.168,57.32,No gap,TRUE,3.0618,582.71
Ni2CrIn,Full Heusler,29,L21,6.0576,1.0072,0.039,24.99,No gap,FALSE,3.5757,592.51
Ni2CrSi,Full Heusler,30,D022,5.35,1.2093,-0.252,9.55,No gap,TRUE,2.785,557.88
Ni2CrGe,Full Heusler,30,D022,5.45,1.211,-0.111,10.61,No gap,TRUE,2.988,565.42
Ni2CrSn,Full Heusler,30,L21,6.0582,1.0045,-0.079,22.04,No gap,TRUE,3.4658,575.62
Ni2CrP,Full Heusler,31,D022,5.01,1.4511,-0.207,63.89,No gap,TRUE,2.7689,562.89
Ni2CrAs,Full Heusler,31,D022,5.2,1.4135,-0.031,71.83,No gap,TRUE,3.0505,569.38
Ni2CrSb,Full Heusler,31,L21,6.07,1,-0.017,24.51,No gap,TRUE,3.4429,571.06
Ni2MnAl,Full Heusler,30,L21,5.7803,1.0073,-0.411,27.04,No gap,TRUE,4.0646,775.08
Ni2MnGa,Full Heusler,30,L21,5.8,1.0052,-0.298,26.15,No gap,TRUE,4.0599,767.92
Ni2MnIn,Full Heusler,30,L21,6.07,1,-0.108,30.31,No gap,TRUE,4.2086,698.07
Ni2MnSi,Full Heusler,31,L21,5.7,1,-0.374,35.26,No gap,TRUE,3.8367,768.53
Ni2MnGe,Full Heusler,31,L21,5.81,1,-0.238,18.73,No gap,TRUE,3.9532,747.73
Ni2MnSn,Full Heusler,31,L21,6.065,0.9986,-0.21,18.59,No gap,TRUE,4.079,679.19
Ni2MnP,Full Heusler,32,D022,5.05,1.4238,-0.307,3.14,No gap,TRUE,4.0858,826.59
Ni2MnAs,Full Heusler,32,D022,5.26,1.3726,-0.151,12.84,No gap,TRUE,4.1546,771.52
Ni2MnSb,Full Heusler,32,D022,5.9494,1.0604,-0.137,1.62,No gap,TRUE,3.9848,662.01
Ni2FeAl,Full Heusler,31,D022,5.21,1.3301,-0.34,30.55,No gap,TRUE,3.1879,628.67
Ni2FeGa,Full Heusler,31,D022,5.2,1.35,-0.232,26.64,No gap,TRUE,3.2602,637.13
Ni2FeIn,Full Heusler,31,L21,6.02,1,-0.006,57.78,No gap,TRUE,3.352,569.96
Ni2FeSi,Full Heusler,32,D022,5.1,1.351,-0.316,49.48,No gap,TRUE,3.0329,627.81
Ni2FeGe,Full Heusler,32,D022,5.86,0.9539,-0.148,25.32,No gap,TRUE,3.2627,630.52
Ni2FeSn,Full Heusler,32,L21,6.027,0.9943,-0.101,26.91,No gap,TRUE,3.2552,554.76
Ni2FeP,Full Heusler,33,D022,4.94,1.4717,-0.233,42.51,No gap,TRUE,3.3896,708.74
Ni2FeAs,Full Heusler,33,D022,5.12,1.4434,-0.058,57.7,No gap,TRUE,3.5703,683.67
Ni2FeSb,Full Heusler,33,L21,6.02,1,-0.012,53.93,0.028,TRUE,3.3321,566.57
Ni2CoAl,Full Heusler,32,D022,5.11,1.3757,-0.323,62.79,No gap,TRUE,1.9357,391.17
Ni2CoGa,Full Heusler,32,D022,5.12,1.3828,-0.201,55.98,No gap,TRUE,2.0227,404.28
Ni2CoIn,Full Heusler,32,D022,5.39,1.3525,0.042,63.67,No gap,FALSE,2.0404,357.39
Ni2CoSi,Full Heusler,33,D022,5.01,1.3852,-0.32,70.69,No gap,TRUE,1.4696,312.96
Ni2CoGe,Full Heusler,33,D022,5.11,1.3836,-0.148,71.88,No gap,TRUE,1.5935,320.2
Ni2CoSn,Full Heusler,33,D022,5.4,1.3333,-0.071,61.74,No gap,TRUE,1.4903,263.32
Ni2CoP,Full Heusler,34,D022,4.92,1.4533,-0.216,66.06,No gap,TRUE,2.1333,457.24
Ni2CoAs,Full Heusler,34,D022,5.06,1.4506,-0.039,70.2,No gap,TRUE,2.2149,437.2
Ni2CoSb,Full Heusler,34,D022,5.33,1.379,-0.017,49.9,No gap,TRUE,1.482,263.29
Ni2NiAl,Full Heusler,33,D022,5.2039,1.2978,-0.413,0,No gap,TRUE,0.0001,0.02
Ni2NiGa,Full Heusler,33,D022,5.22,1.2989,-0.289,0.08,No gap,TRUE,0.0002,0.04
Ni2NiIn,Full Heusler,33,D022,5.44,1.307,-0.068,0,No gap,TRUE,0.0001,0.02
Ni2NiSi,Full Heusler,34,D022,5.07,1.3333,-0.422,0,No gap,TRUE,0,0
Ni2NiGe,Full Heusler,34,D022,5.17,1.3327,-0.259,0,No gap,TRUE,0,0
Ni2NiSn,Full Heusler,34,D022,5.4,1.3296,-0.207,0,No gap,TRUE,0,0
Ni2NiP,Full Heusler,35,D022,4.97,1.3984,-0.303,0,No gap,TRUE,0,0
Ni2NiAs,Full Heusler,35,D022,5.1,1.4098,-0.143,0,No gap,TRUE,0,0
Ni2NiSb,Full Heusler,35,D022,5.36,1.3563,-0.153,0,No gap,TRUE,0,0
CrTiGa,Half Heusler,13,C1b,6.03,1,0.401,18.18,0.627,FALSE,4.9901,844.28
CrTiIn,Half Heusler,13,C1b,6.32,1,0.545,100,0.722,FALSE,5,734.76
CrTiSi,Half Heusler,14,C1b,5.85,1,0.189,100,0.703,FALSE,4,741.17
CrTiGe,Half Heusler,14,C1b,5.95,1,0.217,100,0.798,FALSE,4,704.43
CrTiSn,Half Heusler,14,C1b,6.25,1.0016,0.274,100,0.827,FALSE,4,606.81
CrTiP,Half Heusler,15,tetragonal,5.24,1.2729,-0.226,15.57,0.257,TRUE,2.5301,512.48
CrTiAs,Half Heusler,15,tetragonal,5.52,1.2065,-0.009,100,0.693,TRUE,3,548.4
CrTiSb,Half Heusler,15,C1b,6.18,0.9984,0.124,100,0.95,FALSE,3,472.27
CrVAl,Half Heusler,14,C1b,5.83,1,0.582,22.14,0.522,FALSE,0.0511,9.57
CrVGa,Half Heusler,14,C1b,5.82,1,0.527,25.64,0.675,FALSE,0.0306,5.76
CrVIn,Half Heusler,14,C1b,6.17,1,0.724,75.86,0.722,FALSE,0.022,3.47
CrVSi,Half Heusler,15,C1b,5.6,1,0.261,12.54,No,FALSE,0.5936,125.39
CrVGe,Half Heusler,15,C1b,5.75,1,0.343,8.96,0.556,FALSE,0.2213,43.18
CrVSn,Half Heusler,15,C1b,6.11,1,0.459,15.96,0.774,FALSE,0.2123,34.53
CrVP,Half Heusler,16,C1b,5.5,1,-0.177,0,No,TRUE,0,0
CrVAs,Half Heusler,16,C1b,5.65,1.0035,0.103,0,No,FALSE,0.0001,0.02
CrVSb,Half Heusler,16,C1b,6.0579,1.0037,0.273,36.81,0.85,FALSE,0.9107,151.41
CrCrAl,Half Heusler,15,C1b,5.82,1,0.583,18.74,0.542,FALSE,0.5127,96.48
CrCrGa,Half Heusler,15,C1b,5.8,1,0.538,11.69,0.698,FALSE,0.4375,83.18
CrCrIn,Half Heusler,15,C1b,6.2,1,0.714,26.48,0.613,FALSE,0.3186,49.59
CrCrSi,Half Heusler,16,C1b,5.5,1,0.277,0,No,FALSE,0,0
CrCrGe,Half Heusler,16,C1b,5.74,1.0017,0.39,25.13,0.746,FALSE,0.366,71.67
CrCrSn,Half Heusler,16,C1b,6.14,1.0016,0.483,39.35,0.789,FALSE,0.2591,41.46
CrCrP,Half Heusler,17,C1b,5.4,1.0019,-0.158,5.8,No,TRUE,0.5387,126.67
CrCrAs,Half Heusler,17,C1b,5.6346,0.9976,0.143,18.41,0.465,FALSE,0.7717,160.41
CrCrSb,Half Heusler,17,C1b,6.09,0.9951,0.31,22.7,0.926,FALSE,0.2184,36.05
CrMnAl,Half Heusler,16,C1b,5.8,1,0.492,33.95,0.27,FALSE,0.4724,89.82
CrMnGa,Half Heusler,16,C1b,5.79,1,0.439,37.59,0.522,FALSE,0.5086,97.2
CrMnIn,Half Heusler,16,C1b,6.21,1,0.619,50.76,0.67,FALSE,0.1864,28.87
CrMnSi,Half Heusler,17,C1b,5.476,0.9947,0.156,2.08,No,FALSE,0.04,9.08
CrMnGe,Half Heusler,17,C1b,5.7,1.0035,0.262,63.35,0.589,FALSE,0.0804,16.05
CrMnSn,Half Heusler,17,C1b,6.13,1.0033,0.36,40.92,0.76,FALSE,0.054,8.67
CrMnP,Half Heusler,18,C1b,5.42,1.0018,-0.264,99.59,0.205,TRUE,0.0016,0.37
CrMnAs,Half Heusler,18,C1b,5.71,1,-0.009,100,0.984,TRUE,0,0
CrMnSb,Half Heusler,18,C1b,6.1,1,0.151,22.99,0.959,FALSE,0.1937,31.66
CrFeAl,Half Heusler,17,C1b,5.65,1,0.489,2.95,No,FALSE,0.6405,131.73
CrFeGa,Half Heusler,17,C1b,5.67,1,0.452,9.19,No,FALSE,0.6888,140.18
CrFeIn,Half Heusler,17,C1b,6.07,1,0.697,89.2,0.308,FALSE,0.9971,165.39
CrFeSi,Half Heusler,18,C1b,5.45,1.0037,0.141,24.26,No,FALSE,0.0504,11.51
CrFeGe,Half Heusler,18,C1b,5.65,1,0.249,100,0.185,FALSE,0,0
CrFeSn,Half Heusler,18,C1b,6.01,1,0.417,100,0.428,FALSE,0,0
CrFeP,Half Heusler,19,C1b,5.42,1,-0.219,23.39,No,TRUE,0.8564,199.53
CrFeAs,Half Heusler,19,C1b,5.6242,1.0011,0.059,1.52,0.328,FALSE,0.7974,166.09
CrFeSb,Half Heusler,19,C1b,5.9685,1.0029,0.28,68.79,0.523,FALSE,0.5241,91.18
CrNiAl,Half Heusler,19,C1b,5.73,1,0.483,68.61,0.066,FALSE,3.0007,591.68
CrNiGa,Half Heusler,19,tetragonal,5.11,1.4227,-0.007,32.83,No,TRUE,3.1048,606.71
CrNiIn,Half Heusler,19,C1b,6.07,1,0.221,20.87,0.076,FALSE,3.6663,608.12
CrNiSi,Half Heusler,20,C1b,5.52,1,-0.188,56.87,No,TRUE,1.7846,393.6
CrNiGe,Half Heusler,20,C1b,5.67,0.9982,-0.125,23.11,No,TRUE,2.3915,487.55
CrNiSn,Half Heusler,20,C1b,6,1,-0.009,10.31,No,TRUE,3.0109,517.09
CrNiP,Half Heusler,21,C1b,5.45,1.0037,-0.553,37.81,No,TRUE,1.9501,445.25
CrNiAs,Half Heusler,21,C1b,5.64,0.9982,-0.328,2,No,TRUE,2.0371,421.96
CrNiSb,Half Heusler,21,C1b,5.95,1.005,-0.149,11.96,No,TRUE,2.4288,425.58
MnTiAl,Half Heusler,14,C1b,5.8,1,0.215,4.5,0.46,FALSE,0.1073,20.4
MnTiGa,Half Heusler,14,C1b,5.82,0.9966,0.178,40.69,0.926,FALSE,0.2477,46.77
MnTiIn,Half Heusler,14,C1b,6.1467,1.0058,0.375,80.9,0.49,FALSE,0.5819,92.41
MnTiSi,Half Heusler,15,C1b,5.64,1,-0.099,0,0.446,TRUE,0.0007,0.14
MnTiGe,Half Heusler,15,C1b,5.77,1.0017,-0.018,12.39,1.012,TRUE,0.3994,76.99
MnTiSn,Half Heusler,15,C1b,6.13,1,0.074,84.11,0.751,FALSE,2.8847,464.56
MnTiP,Half Heusler,16,C1b,5.56,1,-0.527,51.6,0.998,TRUE,1.8155,391.83
MnTiAs,Half Heusler,16,C1b,5.7415,1.0049,-0.298,89.02,1.283,TRUE,1.9946,389.03
MnTiSb,Half Heusler,16,C1b,6.09,0.9984,-0.165,67.2,0.845,TRUE,1.7332,285.13
MnVAl,Half Heusler,15,C1b,5.7,1,0.283,38.46,0.593,FALSE,0.3961,79.34
MnVGa,Half Heusler,15,C1b,5.74,1,0.254,18.16,0.855,FALSE,0.0724,14.2
MnVIn,Half Heusler,15,C1b,6.11,1,0.476,2.72,0.347,FALSE,0.2734,44.46
MnVSi,Half Heusler,16,C1b,5.5,1,-0.064,0,No,TRUE,0,0
MnVGe,Half Heusler,16,C1b,5.68,1.0018,0.055,44.82,0.888,FALSE,0.7845,158.53
MnVSn,Half Heusler,16,C1b,6.04,1,0.186,23.14,0.565,FALSE,1.0984,184.92
MnVP,Half Heusler,17,C1b,5.4033,1.0039,-0.539,20.99,0.465,TRUE,0.8574,200.83
MnVAs,Half Heusler,17,C1b,5.5948,1.0018,-0.243,100,0.869,TRUE,1,211.45
MnVSb,Half Heusler,17,C1b,5.9233,1.0025,-0.034,100,0.936,TRUE,1,178.06
MnCrAl,Half Heusler,16,C1b,5.7,1,0.362,3.04,0.67,FALSE,0.6879,137.79
MnCrGa,Half Heusler,16,C1b,5.74,1,0.348,2.11,0.784,FALSE,0.6003,117.75
MnCrIn,Half Heusler,16,C1b,6.15,1,0.541,3.98,0.247,FALSE,0.3067,48.91
MnCrSi,Half Heusler,17,C1b,5.42,1,-0.027,13.76,No,TRUE,0.7368,171.66
MnCrGe,Half Heusler,17,C1b,5.571,1.0043,0.123,100,0.608,FALSE,1,213.63
MnCrSn,Half Heusler,17,C1b,6.06,0.9967,0.269,7.3,0.399,FALSE,0.3062,51.21
MnCrP,Half Heusler,18,C1b,5.3,0.9981,-0.46,0,No,TRUE,0,0
MnCrAs,Half Heusler,18,C1b,5.5142,1.0037,-0.101,100,0.726,TRUE,0,0
MnCrSb,Half Heusler,18,C1b,5.9519,1.0028,0.097,80.31,0.665,FALSE,0.014,2.46
MnMnAl,Half Heusler,17,C1b,5.6,1,0.28,18.84,0.276,FALSE,0.6878,145.29
MnMnGa,Half Heusler,17,C1b,5.71,0.9982,0.273,43.75,0.703,FALSE,0.4457,88.97
MnMnIn,Half Heusler,17,C1b,6.12,1,0.48,26.16,0.361,FALSE,0.0511,8.27
MnMnSi,Half Heusler,18,C1b,5.3671,1.0081,-0.098,30.23,No,TRUE,0.0067,1.59
MnMnGe,Half Heusler,18,C1b,5.5844,0.9997,0.047,100,0.807,FALSE,0,0
MnMnSn,Half Heusler,18,C1b,6.05,0.9967,0.184,32.15,0.485,FALSE,0.1741,29.26
MnMnP,Half Heusler,19,C1b,5.33,1.0019,-0.419,99.14,0.428,TRUE,1,244.53
MnMnAs,Half Heusler,19,C1b,5.627,1.0017,-0.131,100,1.112,TRUE,1,207.85
MnMnSb,Half Heusler,19,C1b,6.01,0.9983,0.044,100,0.684,FALSE,1,171.17
MnFeAl,Half Heusler,18,C1b,5.52,1,0.292,76.01,No,FALSE,0.0013,0.29
MnFeGa,Half Heusler,18,C1b,5.5636,1.0033,0.299,80.4,No,FALSE,0.0067,1.44
MnFeIn,Half Heusler,18,C1b,5.96,1.0034,0.589,100,0.452,FALSE,0.0001,0.02
MnFeSi,Half Heusler,19,C1b,5.33,1.0019,0.011,0,No,FALSE,0.0007,0.17
MnFeGe,Half Heusler,19,C1b,5.57,1,0.162,84,0.337,FALSE,0.9789,210.14
MnFeSn,Half Heusler,19,C1b,5.92,1,0.353,65.18,0.57,FALSE,0.9666,172.83
MnFeP,Half Heusler,20,C1b,5.32,1,-0.306,80.06,No,TRUE,1.9591,482.67
MnFeAs,Half Heusler,20,C1b,5.51,0.9982,0.005,96.56,0.029,FALSE,1.9986,444
MnFeSb,Half Heusler,20,C1b,5.84,1,0.235,3.07,No,FALSE,3.4443,641.49
MnNiAl,Half Heusler,20,C1b,5.65,1,-0.018,44.26,0.061,TRUE,3.0218,621.51
MnNiGa,Half Heusler,20,C1b,5.66,1,0.209,28.89,0.047,FALSE,3.2206,658.89
MnNiIn,Half Heusler,20,C1b,6,1,0.161,37.12,No,FALSE,3.7194,638.77
MnNiSi,Half Heusler,21,C1b,5.48,0.9982,-0.216,12.77,No,TRUE,2.6009,587.36
MnNiGe,Half Heusler,21,C1b,5.62,0.9947,-0.132,0.4,No,TRUE,2.7411,575.93
MnNiSn,Half Heusler,21,C1b,5.96,0.9983,-0.044,30.36,0.034,TRUE,3.3945,595.79
MnNiP,Half Heusler,22,C1b,5.36,1.0037,-0.464,7.63,No,TRUE,1.7592,422.21
MnNiAs,Half Heusler,22,C1b,5.6,1,-0.011,30.64,No,TRUE,2.8991,612.39
MnNiSb,Half Heusler,22,C1b,5.9,0.9966,-0.136,12.88,No,TRUE,3.1341,568.01
FeTiAl,Half Heusler,15,C1b,5.74,1,-0.021,53.72,0.537,TRUE,0.373,73.16
FeTiGa,Half Heusler,15,C1b,5.72,1,-0.038,3.36,0.789,TRUE,0.0065,1.29
FeTiIn,Half Heusler,15,C1b,6.08,1,0.206,0.62,0.366,FALSE,0.4602,75.96
FeTiSi,Half Heusler,16,C1b,5.6,1,-0.342,22.22,0.855,TRUE,1.0161,214.63
FeTiGe,Half Heusler,16,C1b,5.71,1,-0.253,31.15,1.15,TRUE,1.4445,287.83
FeTiSn,Half Heusler,16,C1b,6.0149,1.0026,-0.135,0.53,0.608,TRUE,1.5985,271.79
FeTiP,Half Heusler,17,C1b,5.4527,1.0044,-0.802,60.74,1.135,TRUE,0.8837,201.32
FeTiAs,Half Heusler,17,C1b,5.6547,1.0008,-0.55,88.95,1.254,TRUE,0.9896,202.87
FeTiSb,Half Heusler,17,C1b,5.9534,1.0004,-0.382,66.7,0.85,TRUE,0.955,167.84
FeVAl,Half Heusler,16,C1b,5.6,1,0.108,15.87,0.295,FALSE,0.8768,185.21
FeVGa,Half Heusler,16,C1b,5.61,1,0.121,10.78,0.698,FALSE,0.6117,128.52
FeVIn,Half Heusler,16,C1b,5.97,1,0.421,40.22,0.366,FALSE,0.075,13.08
FeVSi,Half Heusler,17,C1b,5.44,1,-0.306,15.05,0.423,TRUE,0.745,171.67
FeVGe,Half Heusler,17,C1b,5.5578,1.0023,-0.157,64.87,0.788,TRUE,1,215.58
FeVSn,Half Heusler,17,C1b,5.8667,1.0026,0.054,47.5,0.75,FALSE,0.9593,175.78
FeVP,Half Heusler,18,C1b,5.3138,1.0038,-0.804,0,0.3183,TRUE,0,0
FeVAs,Half Heusler,18,C1b,5.4855,1.0025,-0.468,0,0.366,TRUE,0,0
FeVSb,Half Heusler,18,C1b,5.7758,1.0021,-0.211,0,0.385,TRUE,0,0
FeCrAl,Half Heusler,17,C1b,5.48,1,0.205,6.07,No,FALSE,0.6708,151.21
FeCrGa,Half Heusler,17,C1b,5.49,1,0.242,44.83,No,FALSE,0.8115,181.93
FeCrIn,Half Heusler,17,C1b,5.99,1,0.566,99.98,0.042,FALSE,0.9999,172.59
FeCrSi,Half Heusler,18,C1b,5.3284,1.0043,-0.231,0,No,TRUE,0,0
FeCrGe,Half Heusler,18,C1b,5.4448,1.0025,-0.025,0,No,TRUE,0,0
FeCrSn,Half Heusler,18,C1b,5.8445,1,0.247,100,0.594,FALSE,0,0
FeCrP,Half Heusler,19,C1b,5.2921,0.9978,-0.465,87.54,0.665,TRUE,0.9732,244.1
FeCrAs,Half Heusler,19,C1b,5.4814,0.9961,-0.137,100,0.96,TRUE,1,226.12
FeCrSb,Half Heusler,19,C1b,5.81,1,0.089,100,0.94,FALSE,1.0001,189.17
FeMnAl,Half Heusler,18,C1b,5.42,1.0018,0.157,0,No,FALSE,0.0001,0.02
FeMnGa,Half Heusler,18,C1b,5.49,1,0.214,3.74,0.195,FALSE,0.0115,2.58
FeMnIn,Half Heusler,18,C1b,5.9505,1.0003,0.523,20.59,0.318,FALSE,0.5455,96.01
FeMnSi,Half Heusler,19,C1b,5.3211,1.0008,-0.155,92.28,0.067,TRUE,0.9718,239.09
FeMnGe,Half Heusler,19,C1b,5.4714,0.9954,0.033,100,0.527,FALSE,1,227.53
FeMnSn,Half Heusler,19,C1b,5.92,1,0.222,100,0.475,FALSE,1,178.8
FeMnP,Half Heusler,20,C1b,5.32,0.9981,-0.424,100,0.831,TRUE,2,493.67
FeMnAs,Half Heusler,20,C1b,5.51,1,-0.134,100,1.079,TRUE,2,443.51
FeMnSb,Half Heusler,20,C1b,5.84,1,0.052,100,0.969,FALSE,2,372.49
FeFeAl,Half Heusler,19,C1b,5.5,1,0.236,100,0.081,FALSE,2.9999,668.88
FeFeGa,Half Heusler,19,C1b,5.54,0.9982,0.268,7.04,0.005,FALSE,3.1997,699.35
FeFeIn,Half Heusler,19,C1b,5.91,1.0017,0.512,51.65,No,FALSE,4.5674,819.41
FeFeSi,Half Heusler,20,C1b,5.3404,1.0031,-0.078,98.27,No,TRUE,1.9993,485.46
FeFeGe,Half Heusler,20,C1b,5.48,1,0.091,75.12,0.1,FALSE,2.0647,465.42
FeFeSn,Half Heusler,20,C1b,5.85,1,0.246,23.34,0.047,FALSE,4.0232,745.47
FeFeP,Half Heusler,21,C1b,5.31,1,-0.35,51.25,0.185,TRUE,2.9346,727.1
FeFeAs,Half Heusler,21,C1b,5.49,1,-0.071,93.76,0.261,TRUE,2.999,672.34
FeFeSb,Half Heusler,21,C1b,5.78,1,0.093,100,0.314,FALSE,3,576.32
FeNiAl,Half Heusler,21,C1b,5.56,1.0018,0.146,67.73,No,FALSE,2.7029,582.31
FeNiGa,Half Heusler,21,C1b,5.58,1,0.175,12.83,No,FALSE,2.7949,596.75
FeNiIn,Half Heusler,21,C1b,5.89,0.9983,0.4,14.58,No,FALSE,2.9071,528.66
FeNiSi,Half Heusler,22,C1b,5.4,1.0037,0.002,46.55,No,FALSE,1.9655,461.33
FeNiGe,Half Heusler,22,C1b,5.56,1,0.11,49.63,No,FALSE,2.4891,537.21
FeNiSn,Half Heusler,22,C1b,5.87,0.9983,0.2,54.16,No,FALSE,2.7495,505.13
FeNiP,Half Heusler,23,C1b,5.29,1,-0.232,36.46,No,TRUE,0.1164,29.17
FeNiAs,Half Heusler,23,C1b,5.52,1,0.018,26.68,No,FALSE,2.2393,493.88
FeNiSb,Half Heusler,23,C1b,5.83,1.0034,0.122,46.72,No,FALSE,2.5198,470.11
RuTiAl,Half Heusler,15,C1b,5.94,1,-0.275,31.68,No,TRUE,0.2434,43.08
RuTiGa,Half Heusler,15,C1b,5.94,1,-0.228,1.38,0.11,TRUE,0.0087,1.54
RuTiIn,Half Heusler,15,C1b,6.19,1,0.004,3.34,0.099,FALSE,0.0144,2.25
RuTiSi,Half Heusler,16,C1b,5.82,1.0017,-0.424,0,0.37,TRUE,0.0004,0.08
RuTiGe,Half Heusler,16,C1b,5.92,1,-0.332,2.18,0.452,TRUE,0.0257,4.6
RuTiSn,Half Heusler,16,C1b,6.2044,0.9992,-0.256,0,0.418,TRUE,0.0002,0.03
RuTiP,Half Heusler,17,C1b,5.7261,1.0011,-0.729,0,0.665,TRUE,0,0
RuTiAs,Half Heusler,17,C1b,5.89,1,-0.536,0,0.699,TRUE,0,0
RuTiSb,Half Heusler,17,C1b,6.1404,1.0035,-0.459,0,0.608,TRUE,0.0003,0.05
RuVAl,Half Heusler,16,C1b,5.8262,1.0009,-0.053,25.3,No,TRUE,1.6167,302.97
RuVGa,Half Heusler,16,C1b,5.8303,1.0024,0.022,28.22,No,FALSE,1.5522,289.84
RuVIn,Half Heusler,16,C1b,6.11,1,0.305,22.33,0.185,FALSE,1.7241,280.39
RuVSi,Half Heusler,17,C1b,5.7,1,-0.259,48.49,0.071,TRUE,0.6134,122.87
RuVGe,Half Heusler,17,C1b,5.8,1.0017,-0.121,50.73,0.166,TRUE,0.6805,129.16
RuVSn,Half Heusler,17,C1b,5.83,1,0.021,73,0.233,FALSE,0.942,176.35
RuVP,Half Heusler,18,C1b,5.6167,1.0022,-0.609,0,0.1901,TRUE,0,0
RuVAs,Half Heusler,18,C1b,5.7621,1.0043,-0.358,0,0.2372,TRUE,0,0
RuVSb,Half Heusler,18,C1b,6.018,1.004,-0.222,0,0.1991,TRUE,0,0
RuCrAl,Half Heusler,17,C1b,5.73,1,0.145,35.7,No,FALSE,0.6995,137.93
RuCrGa,Half Heusler,17,C1b,5.74,1,0.24,17.3,No,FALSE,0.6785,133.09
RuCrIn,Half Heusler,17,C1b,6.15,1,0.522,37.08,0.48,FALSE,2.6998,430.56
RuCrSi,Half Heusler,18,C1b,5.6119,1.0039,-0.115,0,No,TRUE,0,0
RuCrGe,Half Heusler,18,C1b,5.7074,1.0067,0.059,0,No,FALSE,0,0
RuCrSn,Half Heusler,18,C1b,5.99,0.9983,0.246,0,No,FALSE,0,0
RuCrP,Half Heusler,19,C1b,5.5796,0.9964,-0.281,90.19,0.399,TRUE,0.9958,213.42
RuCrAs,Half Heusler,19,C1b,5.7409,0.9978,-0.03,100,0.575,TRUE,1,196.49
RuCrSb,Half Heusler,19,C1b,6.01,0.9983,0.107,100,0.584,FALSE,1,171.17
RuMnAl,Half Heusler,18,C1b,5.67,1.0018,0.128,0,No,FALSE,0.0004,0.08
RuMnGa,Half Heusler,18,C1b,5.69,1,0.236,50.95,No,FALSE,0.1057,21.28
RuMnIn,Half Heusler,18,C1b,6.15,1,0.421,100,0.009,FALSE,4,637.91
RuMnSi,Half Heusler,19,C1b,5.6,1.0036,-0.058,93.19,No,TRUE,0.9897,208.31
RuMnGe,Half Heusler,19,C1b,5.72,1,0.104,100,0.133,FALSE,1.0109,200.38
RuMnSn,Half Heusler,19,C1b,6.13,1,0.158,31.68,0.523,FALSE,3.8907,626.58
RuMnP,Half Heusler,20,C1b,5.5888,1.0034,-0.28,100,0.65,TRUE,2,423.56
RuMnAs,Half Heusler,20,C1b,5.7574,1.0006,-0.053,100,0.779,TRUE,2,388.51
RuMnSb,Half Heusler,20,C1b,6.0633,1.0044,0.022,48.53,0.727,FALSE,3.0196,500.33
RuFeAl,Half Heusler,19,C1b,5.7885,0.9993,0.178,90.95,0.029,FALSE,3.0007,574.3
RuFeGa,Half Heusler,19,C1b,5.66,1.0018,0.286,63.75,0.019,FALSE,2.9927,611.19
RuFeIn,Half Heusler,19,C1b,6.08,1,0.505,64.84,No,FALSE,3.4353,567
RuFeSi,Half Heusler,20,C1b,5.64,1,-0.036,50.79,0.033,TRUE,2.1657,447.8
RuFeGe,Half Heusler,20,C1b,5.748,1.0023,0.099,12.84,0.133,FALSE,2.3091,450
RuFeSn,Half Heusler,20,C1b,6.0255,1.0001,0.206,58.25,0.152,FALSE,2.8276,479.44
RuFeP,Half Heusler,21,C1b,5.59,1,-0.229,41.71,0.323,TRUE,2.6572,564.31
RuFeAs,Half Heusler,21,C1b,5.76,1,-0.012,6.65,0.381,TRUE,2.8648,556.1
RuFeSb,Half Heusler,21,C1b,6.03,1,0.053,100,0.356,FALSE,3.0002,507.6
RuNiAl,Half Heusler,21,C1b,5.74,1,-0.109,46.69,0.076,TRUE,1.4444,283.32
RuNiGa,Half Heusler,21,C1b,5.75,1,-0.03,41.52,0.076,TRUE,1.1107,216.73
RuNiIn,Half Heusler,21,C1b,6.04,1,0.521,69.32,No,FALSE,1.6147,271.84
RuNiSi,Half Heusler,22,C1b,5.6132,1,-0.28,47.24,No,TRUE,0.803,168.43
RuNiGe,Half Heusler,22,C1b,5.7229,1.0024,-0.154,39.11,No,TRUE,0.7273,143.6
RuNiSn,Half Heusler,22,C1b,5.9913,1.0012,-0.06,51.46,No,TRUE,0.7544,129.97
RuNiP,Half Heusler,23,C1b,5.56,0.9982,-0.472,0,No,TRUE,0,0
RuNiAs,Half Heusler,23,C1b,5.72,0.9983,-0.262,0,No,TRUE,0,0
RuNiSb,Half Heusler,23,C1b,5.99,0.9967,-0.201,0,No,TRUE,0,0
CoTiAl,Half Heusler,16,C1b,5.7,1,-0.238,63.36,0.703,TRUE,1.048,209.92
CoTiGa,Half Heusler,16,C1b,5.71,1,-0.246,67.93,0.955,TRUE,1.0926,217.71
CoTiIn,Half Heusler,16,C1b,5.99,1,0.006,61.13,0.789,FALSE,1.33,229.56
CoTiSi,Half Heusler,17,C1b,5.577,0.9953,-0.59,78.74,1.159,TRUE,0.9998,214.82
CoTiGe,Half Heusler,17,C1b,5.6437,1.0052,-0.498,51.17,1.097,TRUE,0.9734,199.84
CoTiSn,Half Heusler,17,C1b,5.9309,1.0038,-0.36,71.31,0.865,TRUE,0.9647,170.89
CoTiP,Half Heusler,18,C1b,5.4288,1.0039,-1.109,0,1.392,TRUE,0,0
CoTiAs,Half Heusler,18,C1b,5.61,1,-0.852,0,1.2919,TRUE,0,0
CoTiSb,Half Heusler,18,C1b,5.8771,1.0017,-0.67,0,1.0597,TRUE,0,0
CoVAl,Half Heusler,17,C1b,5.56,1,-0.093,58.1,0.195,TRUE,0.6878,148.44
CoVGa,Half Heusler,17,C1b,5.56,1,-0.068,82.6,0.484,TRUE,0.8593,185.46
CoVIn,Half Heusler,17,C1b,5.86,1,0.266,89.94,0.655,FALSE,0.967,178.26
CoVSi,Half Heusler,18,C1b,5.41,1,-0.548,0,0.5467,TRUE,0,0
CoVGe,Half Heusler,18,C1b,5.4982,1.0036,-0.391,0,0.6791,TRUE,0,0
CoVSn,Half Heusler,18,C1b,5.79,1,-0.164,0,0.6511,TRUE,0,0
CoVP,Half Heusler,19,C1b,5.3587,0.998,-0.643,92.65,1.335,TRUE,0.9949,240.32
CoVAs,Half Heusler,19,C1b,5.5264,0.9988,-0.363,100,1.221,TRUE,1,220.05
CoVSb,Half Heusler,19,C1b,5.8092,1.0017,-0.182,100,0.903,TRUE,1,188.9
CoCrAl,Half Heusler,18,C1b,5.45,1.0042,0.033,0,0.038,FALSE,0,0
CoCrGa,Half Heusler,18,C1b,5.4451,1.0055,0.078,0,No,FALSE,0,0
CoCrIn,Half Heusler,18,C1b,5.7643,1.0036,0.465,0,0.01,FALSE,0,0
CoCrSi,Half Heusler,19,C1b,5.3575,1.0026,-0.203,99.6,0.802,TRUE,1,240.62
CoCrGe,Half Heusler,19,C1b,5.4726,1.003,-0.035,100,0.964,TRUE,1,225.65
CoCrSn,Half Heusler,19,C1b,5.78,1.0017,0.167,100,0.751,FALSE,1,191.78
CoCrP,Half Heusler,20,C1b,5.3249,1.0041,-0.362,100,1.335,TRUE,2,489.39
CoCrAs,Half Heusler,20,C1b,5.5192,1.0001,-0.104,100,1.073,TRUE,2,441.25
CoCrSb,Half Heusler,20,C1b,5.8075,1.0004,0.036,100,0.76,FALSE,2,378.65
CoMnAl,Half Heusler,19,C1b,5.45,1.0018,0.078,78.09,0.019,FALSE,1.0396,237.8
CoMnGa,Half Heusler,19,C1b,5.46,1,0.139,96.21,0.28,FALSE,1.0028,228.54
CoMnIn,Half Heusler,19,C1b,5.93,1,0.344,19.49,0.751,FALSE,4.3243,769.27
CoMnSi,Half Heusler,20,C1b,5.356,1.0041,-0.209,100,0.779,TRUE,2,480.89
CoMnGe,Half Heusler,20,C1b,5.49,1.0018,-0.057,100,0.993,TRUE,2,447.56
CoMnSn,Half Heusler,20,C1b,5.8366,1.0033,0.079,25.61,0.775,FALSE,2.9147,542.02
CoMnP,Half Heusler,21,C1b,5.34,1,-0.443,100,1.288,TRUE,3,730.84
CoMnAs,Half Heusler,21,C1b,5.53,1,-0.211,100,1.159,TRUE,3,658.07
CoMnSb,Half Heusler,21,C1b,5.82,1,-0.108,100,0.888,TRUE,3,564.52
CoFeAl,Half Heusler,20,C1b,5.5,0.9982,0.043,63.28,0.004,FALSE,2.6218,585.64
CoFeGa,Half Heusler,20,C1b,5.51,0.9982,0.107,65.16,0.119,FALSE,2.679,595.16
CoFeIn,Half Heusler,20,C1b,5.8,1,0.373,67.92,0.28,FALSE,3.3909,644.7
CoFeSi,Half Heusler,21,C1b,5.3621,1.0043,-0.204,86.36,0.328,TRUE,2.9966,717.99
CoFeGe,Half Heusler,21,C1b,5.5,1,-0.061,100,0.442,TRUE,3,668.9
CoFeSn,Half Heusler,21,C1b,5.79,0.9983,0.064,100,0.461,FALSE,3,574.33
CoFeP,Half Heusler,22,C1b,5.35,1,-0.348,12.31,0.536,TRUE,3.8481,932.21
CoFeAs,Half Heusler,22,C1b,5.53,1.0018,-0.13,65.6,0.551,TRUE,3.9795,871.36
CoFeSb,Half Heusler,22,C1b,5.81,1,-0.033,52.37,0.537,TRUE,3.9793,752.67
CoNiAl,Half Heusler,22,C1b,5.49,1,0.462,69.46,0.005,FALSE,1.0288,230.64
CoNiGa,Half Heusler,22,C1b,5.5,1.0018,0.533,68.46,No,FALSE,1.1276,250.96
CoNiIn,Half Heusler,22,C1b,5.81,0.9983,0.765,81.9,No,FALSE,1.4494,274.62
CoNiSi,Half Heusler,23,C1b,5.34,1.0019,0.288,0,No,FALSE,0,0
CoNiGe,Half Heusler,23,C1b,5.4495,1.0042,0.422,0,No,FALSE,0.0002,0.05
CoNiSn,Half Heusler,23,C1b,5.7409,1.0028,0.504,0,No,FALSE,0.0002,0.04
CoNiP,Half Heusler,24,C1b,5.28,1.0019,0.141,5.49,No,FALSE,0.2689,67.64
CoNiAs,Half Heusler,24,C1b,5.46,1,0.349,11.79,No,FALSE,0.4672,106.48
CoNiSb,Half Heusler,24,C1b,5.73,1.0017,0.4,25.27,No,FALSE,0.395,77.75
RhTiAl,Half Heusler,16,C1b,5.95,1,-0.535,64.1,0.224,TRUE,1.2431,218.92
RhTiGa,Half Heusler,16,C1b,5.95,1,-0.492,69.36,0.413,TRUE,1.178,207.45
RhTiIn,Half Heusler,16,C1b,6.21,1,-0.304,66.98,0.351,TRUE,1.3605,210.74
RhTiSi,Half Heusler,17,C1b,5.83,1.0017,-0.69,0.12,0.713,TRUE,0.0015,0.28
RhTiGe,Half Heusler,17,C1b,5.92,1,-0.635,4.8,0.727,TRUE,0.0679,12.14
RhTiSn,Half Heusler,17,C1b,6.15,1.0058,-0.591,0,0.631,TRUE,0.0001,0.02
RhTiP,Half Heusler,18,C1b,5.7366,1.001,-1.075,0,0.869,TRUE,0,0
RhTiAs,Half Heusler,18,C1b,5.872,1.0039,-0.901,0,0.8503,TRUE,0,0
RhTiSb,Half Heusler,18,C1b,6.118,1.0034,-0.837,0,0.7457,TRUE,0,0
RhVAl,Half Heusler,17,C1b,5.8262,1.0009,-0.275,87.85,No,TRUE,0.8014,150.18
RhVGa,Half Heusler,17,C1b,5.82,1,-0.207,90.12,0.18,TRUE,0.8873,166.97
RhVIn,Half Heusler,17,C1b,6.09,1,0.048,92.08,0.247,FALSE,0.9487,155.81
RhVSi,Half Heusler,18,C1b,5.69,1,-0.529,0,0.3134,TRUE,0,0
RhVGe,Half Heusler,18,C1b,5.7749,1.0051,-0.41,0,0.4279,TRUE,0,0
RhVSn,Half Heusler,18,C1b,6.04,1.0017,-0.302,0,0.3899,TRUE,0,0
RhVP,Half Heusler,19,C1b,5.66,1.0018,-0.567,95.87,0.87,TRUE,0.9998,204.19
RhVAs,Half Heusler,19,C1b,5.81,1.0034,-0.377,100,0.883,TRUE,1,188.5
RhVSb,Half Heusler,19,C1b,6.0581,1.0024,-0.312,100,0.803,TRUE,1,166.45
RhCrAl,Half Heusler,18,C1b,5.73,1,-0.075,0,No,TRUE,0,0
RhCrGa,Half Heusler,18,C1b,5.74,0.9983,0.015,0,No,FALSE,0,0
RhCrIn,Half Heusler,18,C1b,6.19,1,0.207,83.4,No,FALSE,3.7036,579.27
RhCrSi,Half Heusler,19,C1b,5.65,1.0018,-0.183,100,0.565,TRUE,1,205.31
RhCrGe,Half Heusler,19,C1b,5.75,1.0035,-0.056,100,0.665,TRUE,1,194.45
RhCrSn,Half Heusler,19,C1b,6.02,0.9983,0.043,100,0.622,FALSE,0.9999,170.3
RhCrP,Half Heusler,20,C1b,5.65,1.0035,-0.293,100,0.912,TRUE,2,409.9
RhCrAs,Half Heusler,20,C1b,5.81,1.0017,-0.121,100,0.945,TRUE,2,377.64
RhCrSb,Half Heusler,20,C1b,6.0742,1.0007,-0.091,83.97,0.818,TRUE,2.374,392.69
RhMnAl,Half Heusler,19,C1b,5.89,1.0017,-0.191,30.69,0.504,TRUE,4.0227,729.06
RhMnGa,Half Heusler,19,C1b,5.89,1,-0.112,22.75,0.622,TRUE,4.0108,728.14
RhMnIn,Half Heusler,19,C1b,6.18,1,0.019,3.99,0.546,FALSE,4.2613,669.74
RhMnSi,Half Heusler,20,C1b,5.7109,0.9954,-0.231,55.65,0.713,TRUE,2.8382,567.87
RhMnGe,Half Heusler,20,C1b,5.8231,1.0036,-0.151,42.28,0.727,TRUE,3.1638,592.28
RhMnSn,Half Heusler,20,C1b,6.1204,1.0047,-0.176,43.45,0.627,TRUE,3.7188,598.89
RhMnP,Half Heusler,21,C1b,5.67,0.9982,-0.404,100,0.893,TRUE,3,611.6
RhMnAs,Half Heusler,21,C1b,5.83,0.9983,-0.256,61.34,0.879,TRUE,3.0289,568
RhMnSb,Half Heusler,21,C1b,6.09,1,-0.276,18.92,0.751,TRUE,3.3184,545.01
RhFeAl,Half Heusler,20,C1b,5.78,1,-0.147,80.04,No,TRUE,2.8322,544.09
RhFeGa,Half Heusler,20,C1b,5.79,1,-0.051,74.27,0.105,TRUE,2.8206,539.05
RhFeIn,Half Heusler,20,C1b,6.08,1,0.145,78.17,0.119,FALSE,3.0844,509.08
RhFeSi,Half Heusler,21,C1b,5.68,1,-0.24,73.74,0.423,TRUE,2.9903,605.34
RhFeGe,Half Heusler,21,C1b,5.78,0.9982,-0.139,100,0.494,TRUE,3,577.34
RhFeSn,Half Heusler,21,C1b,6.05,1,-0.121,100,0.479,TRUE,3,502.55
RhFeP,Half Heusler,22,C1b,5.65,0.9982,-0.256,53.45,0.694,TRUE,3.3912,698.72
RhFeAs,Half Heusler,22,C1b,5.81,1,-0.114,59.81,0.712,TRUE,3.5772,676.62
RhFeSb,Half Heusler,22,C1b,6.0464,1.0025,-0.132,69.64,0.593,TRUE,3.5768,598.77
RhNiAl,Half Heusler,22,C1b,5.73,1,0.199,65.95,No,FALSE,0.5473,107.92
RhNiGa,Half Heusler,22,C1b,5.75,0.9983,0.303,0,No,FALSE,0.0011,0.22
RhNiIn,Half Heusler,22,C1b,6.02,0.9983,0.49,73.36,No,FALSE,0.4739,80.71
RhNiSi,Half Heusler,23,C1b,5.62,0.9982,0.143,0,No,FALSE,0,0
RhNiGe,Half Heusler,23,C1b,5.73,1,0.249,0,No,FALSE,0,0
RhNiSn,Half Heusler,23,C1b,6,0.9967,0.245,0,No,FALSE,0,0
RhNiP,Half Heusler,24,C1b,5.57,1,0.116,0,No,FALSE,0,0
RhNiAs,Half Heusler,24,C1b,5.72,1.0052,0.257,0,No,FALSE,0.0001,0.02
RhNiSb,Half Heusler,24,C1b,5.97,1,0.209,0,No,FALSE,0,0
NiTiAl,Half Heusler,17,C1b,5.75,1,-0.36,95.41,0.418,TRUE,0.9839,191.99
NiTiGa,Half Heusler,17,C1b,5.72,1,-0.385,96.73,0.594,TRUE,0.9969,197.6
NiTiIn,Half Heusler,17,C1b,5.9916,1.0021,-0.168,96.64,0.451,TRUE,0.9996,172.03
NiTiSi,Half Heusler,18,C1b,5.56,1.0027,-0.762,0,0.7364,TRUE,0,0
NiTiGe,Half Heusler,18,C1b,5.6533,1.0025,-0.691,0,0.6225,TRUE,0,0
NiTiSn,Half Heusler,18,C1b,5.9292,1.0032,-0.571,0,0.4375,TRUE,0,0
NiTiP,Half Heusler,19,C1b,5.51,1,-0.824,0,0.75,TRUE,0,0
NiTiAs,Half Heusler,19,C1b,5.67,0.9982,-0.62,0,0.779,TRUE,0.0002,0.04
NiTiSb,Half Heusler,19,C1b,5.96,0.995,-0.507,0,0.556,TRUE,0,0
NiVAl,Half Heusler,18,C1b,5.5669,1.0041,-0.196,0,0.0995,TRUE,0,0
NiVGa,Half Heusler,18,C1b,5.5508,1.0036,-0.195,0,0.3039,TRUE,0,0
NiVIn,Half Heusler,18,C1b,5.8388,1.0029,0.106,0,0.2617,FALSE,0,0
NiVSi,Half Heusler,19,C1b,5.47,1.0018,-0.316,90.97,0.902,TRUE,0.9582,216.78
NiVGe,Half Heusler,19,C1b,5.58,1,-0.203,96.55,0.708,TRUE,0.9917,211.74
NiVSn,Half Heusler,19,C1b,5.87,0.9983,-0.079,100,0.48,TRUE,1,183.72
NiVP,Half Heusler,20,C1b,5.45,0.9982,-0.403,73.68,0.836,TRUE,1.9054,437.44
NiVAs,Half Heusler,20,C1b,5.62,0.9982,-0.2,57.58,0.642,TRUE,1.9956,417.8
NiVSb,Half Heusler,20,C1b,5.89,1,-0.122,100,0.408,TRUE,2,363.09
NiCrAl,Half Heusler,19,C1b,5.54,0.9982,0.114,100,0.314,FALSE,1.0001,218.59
NiCrGa,Half Heusler,19,C1b,5.53,1,0.149,100,0.508,FALSE,1,219.36
NiCrIn,Half Heusler,19,C1b,5.99,1,0.331,14.31,0.167,FALSE,3.7035,639.23
NiCrSi,Half Heusler,20,C1b,5.44,1,-0.116,100,0.846,TRUE,2,460.85
NiCrGe,Half Heusler,20,C1b,5.56,0.9982,-0.001,100,0.637,TRUE,2,432.43
NiCrSn,Half Heusler,20,C1b,5.88,1,0.081,52.61,0.318,FALSE,2.488,453.99
NiCrP,Half Heusler,21,C1b,5.4247,1.0034,-0.254,100,0.77,TRUE,3,694.79
NiCrAs,Half Heusler,21,C1b,5.62,1,-0.079,100,0.556,TRUE,3,626.96
NiCrSb,Half Heusler,21,C1b,5.89,1,-0.042,80.25,0.323,TRUE,3.0499,553.69
NiMnAl,Half Heusler,20,tetragonal,5.56,1.036,-0.04,69.47,0.656,TRUE,3.1633,659.02
NiMnGa,Half Heusler,20,C1b,5.64,1,-0.005,57.23,0.603,TRUE,3.3076,683.92
NiMnIn,Half Heusler,20,C1b,5.96,1.0034,0.152,54.19,0.375,FALSE,3.8207,667.23
NiMnSi,Half Heusler,21,C1b,5.45,1.0018,-0.251,100,0.851,TRUE,3,686.22
NiMnGe,Half Heusler,21,C1b,5.57,1.0018,-0.153,60.38,0.656,TRUE,3.0076,644.47
NiMnSn,Half Heusler,21,C1b,5.88,1,-0.114,1.57,0.427,TRUE,3.319,605.62
NiMnP,Half Heusler,22,C1b,5.46,1.0018,-0.4,100,0.869,TRUE,4,909.94
NiMnAs,Half Heusler,22,C1b,5.64,0.9982,-0.25,100,0.694,TRUE,4,828.55
NiMnSb,Half Heusler,22,C1b,5.91,1,-0.217,100,0.484,TRUE,4,718.83
NiFeAl,Half Heusler,21,C1b,5.56,0.9964,-0.069,85.43,0.304,TRUE,2.9978,649.34
NiFeGa,Half Heusler,21,C1b,5.56,0.9982,-0.017,100,0.594,TRUE,3,648.64
NiFeIn,Half Heusler,21,C1b,5.85,1,0.195,100,0.651,FALSE,3,555.88
NiFeSi,Half Heusler,22,C1b,5.44,1,-0.12,73.71,0.784,TRUE,3.3327,767.94
NiFeGe,Half Heusler,22,C1b,5.57,1.0018,-0.029,69.65,0.813,TRUE,3.531,756.62
NiFeSn,Half Heusler,22,C1b,5.85,1.0017,0.017,74.94,0.717,FALSE,3.4914,645.83
NiFeP,Half Heusler,23,C1b,5.4,1,-0.189,72.43,1.008,TRUE,3.5904,845.84
NiFeAs,Half Heusler,23,tetragonal,5.54,1.0289,-0.025,77.44,0.802,TRUE,3.674,779.06
NiFeSb,Half Heusler,23,tetragonal,5.91,0.9712,0.018,84.24,0.536,FALSE,3.3752,624.51
NiNiAl,Half Heusler,23,C1b,5.49,1.0036,0.793,0,,FALSE,0,0
NiNiGa,Half Heusler,23,C1b,5.51,0.9982,0.881,0,,FALSE,0,0
NiNiIn,Half Heusler,23,C1b,5.79,1.0017,1.054,0,,FALSE,0,0
NiNiSi,Half Heusler,24,C1b,5.36,1.0037,0.736,0,,FALSE,0,0
NiNiGe,Half Heusler,24,C1b,5.49,1,0.839,0,,FALSE,0,0
NiNiSn,Half Heusler,24,C1b,5.76,1.0035,0.841,0,,FALSE,0.0001,0.02
NiNiP,Half Heusler,25,C1b,5.3,1,0.668,0,,FALSE,0,0
NiNiAs,Half Heusler,25,C1b,5.3,1,0.904,0,,FALSE,0,0
NiNiSb,Half Heusler,25,C1b,5.76,0.9965,0.797,0,,FALSE,0,0
CrTiAl,Half Heusler,13,triclinic,0,-0.0889,,,,None,0,
CrVAl,Half Heusler,14,triclinic,0,-0.1611,,,,None,0,
CrVGa,Half Heusler,14,triclinic,0,-0.099,,,,None,0,
CrVIn,Half Heusler,14,triclinic,0.5924,0.3397,,,,None,0.4075,
CrVSi,Half Heusler,15,triclinic,-0.0001,-0.1111,,,,None,0.0012,
CrVGe,Half Heusler,15,triclinic,0.0003,0.0341,,,,None,0.0034,
CrVP,Half Heusler,16,triclinic,0.0001,-0.438,,,,None,0.0017,
CrCrAl,Half Heusler,15,triclinic,0.0317,0.2312,,,,None,0.0037,
CrCrGa,Half Heusler,15,triclinic,0,0.1516,,,,None,0,
CrCrIn,Half Heusler,15,triclinic,0.002,0.2738,,,,None,0.0346,
CrCrSi,Half Heusler,16,triclinic,-0.5397,-0.0192,,,,None,0.1739,
CrMnAl,Half Heusler,16,triclinic,-0.0331,0.1862,,,,None,0.1779,
CrMnGa,Half Heusler,16,triclinic,-0.038,0.412,,,,None,0.4237,
CrMnIn,Half Heusler,16,triclinic,-0.0018,0.416,,,,None,0.8922,
CrFeAl,Half Heusler,17,triclinic,-0.0323,0.1532,,,,None,0.3733,
CrFeGa,Half Heusler,17,triclinic,-0.5578,0.2718,,,,None,0.0017,
CrFeIn,Half Heusler,17,triclinic,0.8014,0.5521,,,,None,0.4194,
CrNiAl,Half Heusler,19,triclinic,2.5522,0.0854,,,,None,0.3844,
CrNiIn,Half Heusler,19,triclinic,3.5036,0.1643,,,,None,0.3094,
MnTiAl,Half Heusler,14,triclinic,1.6236,-0.1197,,,,None,0.2082,
MnTiGa,Half Heusler,14,triclinic,1.7464,-0.1948,,,,None,0.2228,
MnTiSi,Half Heusler,15,triclinic,-0.0001,-0.3476,,,,None,0.0355,
MnVAl,Half Heusler,15,triclinic,0.6647,0.0207,,,,None,0.0634,
MnVGa,Half Heusler,15,triclinic,0.8697,-0.0263,,,,None,0.3644,
MnVIn,Half Heusler,15,triclinic,1.0756,0.1986,,,,None,0.8269,
MnVSi,Half Heusler,16,triclinic,0,-0.211,,,,None,0.0012,
MnCrAl,Half Heusler,16,triclinic,-0.0456,0.1406,,,,None,0.4137,
MnCrGa,Half Heusler,16,triclinic,-0.0056,0.1262,,,,None,0.9037,
MnCrIn,Half Heusler,16,triclinic,0.2152,0.3917,,,,None,0.116,
MnMnAl,Half Heusler,17,triclinic,-0.0204,-0.0146,,,,None,0.3585,
MnNiGa,Half Heusler,20,triclinic,3.4011,-0.013,,,,None,0.3077,
MnNiIn,Half Heusler,20,triclinic,3.9933,0.1529,,,,None,0.3538,
MnNiAs,Half Heusler,22,triclinic,3.4745,-0.1689,,,,None,0.0497,
FeTiAl,Half Heusler,15,triclinic,0.0027,-0.1646,,,,None,0.075,
FeTiGa,Half Heusler,15,triclinic,0.442,-0.1751,,,,None,0.0625,
FeTiIn,Half Heusler,15,triclinic,0.6539,0.105,,,,None,0.1159,
FeTiSi,Half Heusler,16,triclinic,0,-0.4228,,,,None,0,
FeVAl,Half Heusler,16,triclinic,0,-0.04,,,,None,0,
FeVGa,Half Heusler,16,triclinic,0,-0.0305,,,,None,0,
FeVIn,Half Heusler,16,triclinic,0.0734,0.2917,,,,None,0.3346,
FeCrAl,Half Heusler,17,triclinic,-0.0165,0.159,,,,None,0.0308,
FeCrIn,Half Heusler,17,triclinic,-0.8036,0.4735,,,,None,0.2006,
RuTiAl,Half Heusler,15,triclinic,-0.1162,-0.2797,,,,None,0.02,
RuTiGa,Half Heusler,15,triclinic,0,-0.3696,,,,None,0,
RuTiIn,Half Heusler,15,triclinic,0,-0.1143,,,,None,0,
RuVIn,Half Heusler,16,triclinic,0,0.1585,,,,None,0,
RuVSn,Half Heusler,17,triclinic,0,-0.0277,,,,None,0,
RuCrAl,Half Heusler,17,triclinic,-0.0879,0.1437,,,,None,0,
RuCrGa,Half Heusler,17,triclinic,-0.0001,0.0801,,,,None,0,
RuCrIn,Half Heusler,17,triclinic,-1.9599,0.4198,,,,None,0.5841,
RuFeIn,Half Heusler,19,triclinic,-3.4053,0.3581,,,,None,0.1115,
RuNiAl,Half Heusler,21,triclinic,0,-0.3212,,,,None,0,
RuNiGa,Half Heusler,21,triclinic,0.0001,-0.1431,,,,None,0,
RuNiIn,Half Heusler,21,triclinic,-0.5883,0.34,,,,None,0.0025,
CoTiAl,Half Heusler,16,triclinic,0.0141,-0.2877,,,,None,0.1905,
CoTiGa,Half Heusler,16,triclinic,0.0071,-0.3195,,,,None,0.0061,
CoTiIn,Half Heusler,16,triclinic,-0.0001,-0.0619,,,,None,0,
CoVAl,Half Heusler,17,triclinic,-0.5685,-0.0948,,,,None,0.377,
CoVGa,Half Heusler,17,triclinic,0,-0.0985,,,,None,0,
CoVIn,Half Heusler,17,triclinic,0,0.1999,,,,None,0,
CoFeIn,Half Heusler,20,triclinic,-3.8992,0.3004,,,,None,0.2227,
RhTiGa,Half Heusler,16,triclinic,0,-0.5396,,,,None,0,
RhTiIn,Half Heusler,16,triclinic,0,-0.358,,,,None,0,
RhVGa,Half Heusler,17,triclinic,-0.904,-0.2077,,,,None,0.7823,
RhVIn,Half Heusler,17,triclinic,-0.241,0.0386,,,,None,0.7402,
RhFeIn,Half Heusler,20,triclinic,-3.185,0.1051,,,,None,0.5659,
RhNiP,Half Heusler,24,triclinic,0,-0.3907,,,,None,0,
NiTiAl,Half Heusler,17,triclinic,0,-0.366,,,,None,0,
NiTiGa,Half Heusler,17,triclinic,0,-0.4025,,,,None,0,
NiFeP,Half Heusler,23,triclinic,0.0005,-0.4033,,,,None,0,
NiNiP,Half Heusler,25,triclinic,0,-0.4451,,,,None,0,
NiNiAs,Half Heusler,25,triclinic,0,-0.1525,,,,None,0,
Sc2TiIn,Inverse Heusler,13,Tetragonal,6.08,1.5329,-0.176,51.67,No gap,TRUE,1.4104,151.86
Sc2TiSi,Inverse Heusler,14,Tetragonal,5.75,1.5774,-0.312,1.84,No gap,TRUE,1.2994,160.74
Sc2TiSn,Inverse Heusler,14,Tetragonal,6.02,1.5698,-0.359,12.14,No gap,TRUE,1.5508,167.98
Sc2TiP,Inverse Heusler,15,Tetragonal,5.61,1.6239,-0.51,44.53,No gap,TRUE,0.7873,101.86
Sc2TiAs,Inverse Heusler,15,Tetragonal,5.73,1.623,-0.444,42,No gap,TRUE,0.5189,63.04
Sc2VAs,Inverse Heusler,16,Tetragonal,5.64,1.6028,-0.282,0,No gap,TRUE,0.0015,0.19
Sc2ZnP,Inverse Heusler,23,Tetragonal,5.45,1.8055,-0.704,0,No gap,TRUE,0,0
Sc2ZnAs,Inverse Heusler,23,Tetragonal,5.57,1.7899,-0.641,0,No gap,TRUE,0,0
Ti2VAs,Inverse Heusler,18,Tetragonal,5.35,1.5888,-0.368,6.37,No gap,TRUE,1.6493,251.48
Ti2NiAl,Inverse Heusler,21,Tetragonal,5.28,1.6098,-0.303,0,No gap,TRUE,0,0
V2CuAl,Inverse Heusler,24,Tetragonal,5.23,1.5105,0.008,30.84,No gap,FALSE,0.0852,14.63
V2ZnAs,Inverse Heusler,27,Tetragonal,5.2246,1.5678,-0.026,32.92,No gap,TRUE,0.5928,98.36
Cr2CuP,Inverse Heusler,28,Tetragonal,5.1,1.4471,-0.021,18.67,No gap,TRUE,0.2165,41.84
Cr2ZnP,Inverse Heusler,29,Tetragonal,5.15,1.5049,0.015,4.6,No gap,FALSE,0.3507,63.29
Mn2NiP,Inverse Heusler,29,Tetragonal,5.07,1.357,-0.273,27.41,No gap,TRUE,1.2154,254.94
Mn2ZnP,Inverse Heusler,31,Tetragonal,5.04,1.621,-0.091,41.49,No gap,TRUE,5.7612,1029.81
Mn2ZnSb,Inverse Heusler,31,Tetragonal,5.45,1.5633,0.128,52.21,No gap,FALSE,6.011,881.13
Fe2CuAs,Inverse Heusler,32,Tetragonal,5.2,1.4404,0.095,70.18,No gap,FALSE,4.8846,894.68
Fe2CuSb,Inverse Heusler,32,Tetragonal,5.47,1.3803,0.169,71.99,No gap,FALSE,4.66,765.23
Fe2ZnGe,Inverse Heusler,32,Tetragonal,5.16,1.5019,0.03,52.68,No gap,FALSE,4.3462,781.33
Fe2ZnSn,Inverse Heusler,32,Tetragonal,5.41,1.4806,0.121,63.02,No gap,FALSE,4.4514,704.36
Fe2ZnAs,Inverse Heusler,33,Tetragonal,5.18,1.5232,0.094,29.31,No gap,FALSE,4.4799,784.98
Co2NiGa,Inverse Heusler,31,Tetragonal,5.21,1.3052,-0.154,61.26,No gap,TRUE,2.7384,550.35
Co2NiIn,Inverse Heusler,31,Tetragonal,5.44,1.3107,0.115,69.91,No gap,FALSE,2.9077,511.2
Co2NiSi,Inverse Heusler,32,Tetragonal,5.0307,1.3534,-0.316,49.49,No gap,TRUE,2.2607,486.68
Co2NiGe,Inverse Heusler,32,Tetragonal,5.13,1.3567,-0.13,55.84,No gap,TRUE,2.4031,486.69
Co2NiSn,Inverse Heusler,32,Tetragonal,5.3848,1.3345,-0.016,51.75,No gap,TRUE,2.5023,445.48
Co2CuIn,Inverse Heusler,32,Tetragonal,5.53,1.2857,0.195,69.56,No gap,FALSE,2.7872,475.53
Co2CuSi,Inverse Heusler,33,Tetragonal,5.02,1.4104,-0.117,59.15,No gap,TRUE,2.2312,463.9
Cu2ZnSi,Inverse Heusler,38,Tetragonal,5.21,1.476,0.037,0,No gap,FALSE,0,0
Cu2ZnGe,Inverse Heusler,38,Tetragonal,5.32,1.4793,0.044,0,No gap,FALSE,0,0
Cu2ZnP,Inverse Heusler,39,Tetragonal,5.19,1.5029,-0.003,0,No gap,TRUE,0,0
Cu2ZnSb,Inverse Heusler,39,Tetragonal,5.61,1.4652,0.131,0,No gap,FALSE,0,0
Ti2CrSn,Inverse Heusler,18,Xa,6.47,1,-0.181,0,0.575,TRUE,0,0
Ti2CrSb,Inverse Heusler,19,Xa,6.38,1,-0.111,69.85,0.428,TRUE,0.965,137.85
Ti2MnSn,Inverse Heusler,19,Xa,6.39,1,-0.188,100,0.593,TRUE,1,142.18
Ti2CoIn,Inverse Heusler,20,Xa,6.351,1,-0.089,100,0.613,TRUE,2,289.62
V2CrSi,Inverse Heusler,20,Xa,5.8497,0.9999,-0.266,0,0.076,TRUE,0.0003,0.06
V2CrGe,Inverse Heusler,20,Xa,5.94,1,-0.118,100,0.086,TRUE,2,354
V2CrSn,Inverse Heusler,20,Xa,6.222,1,0.084,56.24,0.043,FALSE,2.3385,360.14
V2CrSb,Inverse Heusler,21,Xa,6.21,1,0.057,1.35,0.19,FALSE,2.8927,448.08
V2MnAl,Inverse Heusler,20,Xa,5.9218,0.9999,-0.148,100,0.142,TRUE,2,357.29
V2MnGa,Inverse Heusler,20,Xa,5.924,1,-0.118,100,0.124,TRUE,2,356.87
V2MnIn,Inverse Heusler,20,Xa,6.271,1,0.197,54.7,0.157,FALSE,3.2251,485.13
V2MnSi,Inverse Heusler,21,Xa,5.8159,1.0001,-0.34,0,0.038,TRUE,0.0009,0.17
V2MnGe,Inverse Heusler,21,Xa,5.92,1,-0.193,1.16,0.095,TRUE,2.8136,503.07
V2MnSn,Inverse Heusler,21,Xa,6.2,1,-0.002,73.96,0.1,TRUE,2.9604,460.79
V2MnP,Inverse Heusler,22,Xa,5.6947,1.0021,-0.419,1.08,0.053,TRUE,0.5855,117.36
V2FeAl,Inverse Heusler,21,Xa,5.9142,1,-0.191,30.55,0.276,TRUE,2.911,521.99
V2FeGa,Inverse Heusler,21,Xa,5.91,1,-0.146,28.29,0.204,TRUE,2.8487,511.93
V2FeIn,Inverse Heusler,21,Xa,6.17,1,0.173,33.82,0.09,FALSE,2.8998,457.97
V2FeSi,Inverse Heusler,22,Xa,5.7819,1.0003,-0.341,92.64,0.285,TRUE,1.986,381.04
V2CoIn,Inverse Heusler,22,Xa,6.15,1,0.18,80.23,0.513,FALSE,1.9987,318.75
Cr2MnAl,Inverse Heusler,22,Xa,5.831,1,-0.086,100,0.204,TRUE,2,374.22
Cr2MnGa,Inverse Heusler,22,Xa,5.832,1,-0.004,94.52,0.138,TRUE,1.993,372.72
Cr2MnIn,Inverse Heusler,22,Xa,6.31,1,0.313,12.29,No gap,FALSE,3.6325,536.35
Cr2MnSi,Inverse Heusler,23,Xa,5.66,1,-0.236,65.52,0.085,TRUE,1.135,232.21
Cr2FeAl,Inverse Heusler,23,Xa,5.76,1,-0.066,99.04,No gap,TRUE,1.0051,195.11
Cr2FeGa,Inverse Heusler,23,Xa,5.79,1,0.033,96.75,0.076,FALSE,0.9849,188.23
Cr2FeIn,Inverse Heusler,23,Xa,6.12,1,0.383,94.42,No gap,FALSE,0.9769,158.1
Cr2FeSi,Inverse Heusler,24,Xa,5.6189,0.9992,-0.222,0,0.147,TRUE,0.0006,0.13
Cr2FeGe,Inverse Heusler,24,Xa,5.762,1,0.013,94.54,0.195,FALSE,0.0156,3.03
Cr2FeSn,Inverse Heusler,24,Xa,6.081,1,0.227,95.47,0.057,FALSE,0.0233,3.84
Cr2FeP,Inverse Heusler,25,Xa,5.5813,1.0002,-0.226,98.92,0.076,TRUE,1.0141,216.33
Cr2FeAs,Inverse Heusler,25,Xa,5.76,1,0.062,97.08,0.394,FALSE,1.0106,196.17
Cr2FeSb,Inverse Heusler,25,Xa,6.05,1,0.22,97.09,0.461,FALSE,1.0134,169.76
Cr2CoAl,Inverse Heusler,24,Xa,5.79,1,-0.08,95.82,0.352,TRUE,0.0095,1.82
Cr2CoGa,Inverse Heusler,24,Xa,5.815,1,0.008,88.3,0.053,FALSE,0.0747,14.09
Cr2CoIn,Inverse Heusler,24,Xa,6.13,1,0.299,80.54,0.048,FALSE,0.1443,23.24
Cr2CoSn,Inverse Heusler,25,Xa,6.11,1,0.141,89.59,0.271,FALSE,1.034,168.16
Cr2CoP,Inverse Heusler,26,Xa,5.6185,0.9986,-0.22,100,0.48,TRUE,1.9999,418.86
Cr2CoSb,Inverse Heusler,26,Xa,6.06,1,0.15,97.58,0.342,FALSE,2.0016,333.65
Cr2NiAl,Inverse Heusler,25,Xa,5.7,1,-0.071,100,0.142,TRUE,1,200.31
Cr2NiGa,Inverse Heusler,25,Xa,5.87,1,-0.02,75.65,0.332,TRUE,0.9898,181.53
Cr2NiIn,Inverse Heusler,25,Xa,6.18,1,0.219,10.75,0.252,FALSE,0.7431,116.79
Cr2NiSn,Inverse Heusler,26,Xa,6.17,1,0.115,16.27,0.442,FALSE,0.8278,130.74
Cr2NiSb,Inverse Heusler,27,Xa,6.132,1,0.159,30.79,0.484,FALSE,1.2883,207.27
Cr2CuAl,Inverse Heusler,26,Xa,5.93,1,0.077,32.52,0.19,FALSE,0.7568,134.63
Cr2CuGa,Inverse Heusler,26,Xa,5.98,1,0.144,11.66,0.152,FALSE,0.4454,77.26
Cr2CuIn,Inverse Heusler,26,Xa,6.307,1,0.31,3.44,No gap,FALSE,0.1492,22.06
Cr2CuSi,Inverse Heusler,27,Xa,5.78,1,0.039,51.28,0.214,FALSE,0.8017,154.01
Cr2CuGe,Inverse Heusler,27,Xa,5.962,1,0.181,11.6,0.461,FALSE,0.6161,107.85
Cr2CuSn,Inverse Heusler,27,Xa,6.283,1,0.229,4.9,0.337,FALSE,0.2333,34.89
Cr2CuSb,Inverse Heusler,28,Xa,6.28,1,0.279,7.21,0.076,FALSE,0.3134,46.94
Cr2ZnAl,Inverse Heusler,27,Xa,6.005,1,0.067,16.62,0.314,FALSE,0.7063,121
Cr2ZnGa,Inverse Heusler,27,Xa,6.071,1,0.15,7.21,0.195,FALSE,0.0778,12.9
Cr2ZnIn,Inverse Heusler,27,Xa,6.385,1,0.304,4.17,No gap,FALSE,0.0036,0.51
Cr2ZnSn,Inverse Heusler,28,Xa,6.36,1,0.27,36.52,No gap,FALSE,0.1016,14.65
Mn2FeAl,Inverse Heusler,25,Xa,5.75,1,-0.158,98.43,0.418,TRUE,1.0009,195.31
Mn2FeGa,Inverse Heusler,25,Xa,5.79,1,-0.075,95.78,0.104,TRUE,1.0386,198.49
Mn2FeIn,Inverse Heusler,25,Xa,6.13,1,0.231,40.05,0.186,FALSE,1.3374,215.38
Mn2FeSi,Inverse Heusler,26,Xa,5.6006,0.9998,-0.362,84.51,0.256,TRUE,2.0077,424.03
Mn2FeGe,Inverse Heusler,26,Xa,5.72,1,-0.14,85.64,0.418,TRUE,2.0135,399.11
Mn2FeSn,Inverse Heusler,26,Xa,6.059,0.9972,0.065,93.53,0.09,FALSE,1.9994,334.38
Mn2FeP,Inverse Heusler,27,Xa,5.5584,0.9989,-0.352,100,0.252,TRUE,3,648.75
Mn2FeAs,Inverse Heusler,27,Xa,5.72,1,-0.071,100,0.337,TRUE,3,594.65
Mn2FeSb,Inverse Heusler,27,Xa,5.9914,1.0003,0.081,100,0.418,FALSE,3,517.29
Mn2CoAl,Inverse Heusler,26,Xa,5.7349,0.9995,-0.27,100,0.38,TRUE,1.9999,393.53
Mn2CoGa,Inverse Heusler,26,Xa,5.76,1,-0.167,85.26,0.047,TRUE,2.0045,389.1
Mn2CoIn,Inverse Heusler,26,Xa,6.091,1,0.135,6.5,No gap,FALSE,1.7774,291.77
Mn2CoSi,Inverse Heusler,27,Xa,5.621,0.9989,-0.365,100,0.513,TRUE,3,627.28
Mn2CoGe,Inverse Heusler,27,Xa,5.733,1,-0.153,100,0.323,TRUE,3,590.61
Mn2CoSn,Inverse Heusler,27,Xa,6.092,1,0.026,31.41,No gap,FALSE,1.5295,250.96
Mn2CoP,Inverse Heusler,28,Xa,5.5814,1.0002,-0.333,100,0.508,TRUE,4,853.28
Mn2CoAs,Inverse Heusler,28,Xa,5.7378,1.0005,-0.08,100,0.295,TRUE,4,785.13
Mn2CoSb,Inverse Heusler,28,Xa,5.9853,1.0005,0.042,100,0.499,FALSE,4,691.7
Mn2NiAl,Inverse Heusler,27,Xa,5.8,1,-0.253,52.14,No gap,TRUE,1.1766,223.7
Mn2NiGa,Inverse Heusler,27,Xa,5.83,1,-0.17,58.96,No gap,TRUE,1.1825,221.37
Mn2NiIn,Inverse Heusler,27,Xa,6.17,1,0.055,4.49,No gap,FALSE,0.5289,83.53
Mn2NiSi,Inverse Heusler,28,Xa,5.7,1,-0.29,27.68,0.076,TRUE,1.0712,214.57
Mn2NiGe,Inverse Heusler,28,Xa,5.85,1,-0.14,31.03,No gap,TRUE,0.897,166.21
Mn2NiSn,Inverse Heusler,28,Xa,6.146,1,-0.046,33.54,No gap,TRUE,0.5561,88.86
Mn2CuAl,Inverse Heusler,28,Xa,5.89,1,-0.11,52.06,No gap,TRUE,0.1841,33.42
Mn2CuGa,Inverse Heusler,28,Xa,5.937,1,-0.042,58.57,No gap,TRUE,0.3264,57.86
Mn2CuIn,Inverse Heusler,28,Xa,6.247,1,0.141,26.49,No gap,FALSE,0.2512,38.22
Fe2CoAl,Inverse Heusler,28,Xa,5.7006,1.0007,-0.27,58.7,0.114,TRUE,4.991,998.74
Fe2CoGa,Inverse Heusler,28,Xa,5.724,1,-0.156,45.86,0.1,TRUE,5.1876,1026.11
Fe2CoIn,Inverse Heusler,28,Xa,6.0101,1.0021,0.136,52.55,0.057,FALSE,6.0264,1027.68
Fe2CoSi,Inverse Heusler,29,Xa,5.6086,0.9988,-0.371,74.15,0.138,TRUE,4.9626,1044.71
Fe2CoGe,Inverse Heusler,29,Xa,5.72,1,-0.164,53.05,0.123,TRUE,5.0832,1007.57
Fe2CoSn,Inverse Heusler,29,Xa,5.9753,1.0045,-0.012,57.29,No gap,TRUE,5.4656,946.13
Fe2CoP,Inverse Heusler,30,Xa,5.5898,1.0006,-0.279,21.21,0.109,TRUE,5.7626,1223.17
Fe2CoAs,Inverse Heusler,30,Xa,5.7646,1.0005,-0.057,67.59,0.114,TRUE,5.9465,1150.96
Fe2CoSb,Inverse Heusler,30,Xa,5.992,1.001,0.021,37.5,0.048,FALSE,5.9328,1021.94
Fe2NiAl,Inverse Heusler,29,Xa,5.7455,0.9972,-0.292,10.33,0.228,TRUE,4.7777,937.04
Fe2NiGa,Inverse Heusler,29,Xa,5.757,1,-0.183,6.86,0.304,TRUE,4.8692,946.66
Fe2NiIn,Inverse Heusler,29,Xa,6.0193,1.003,0.076,23.84,0.294,FALSE,5.1485,873.12
Co2NiAl,Inverse Heusler,31,Xa,5.69,1,-0.241,3.37,0.09,TRUE,2.9916,602.41